time=2026-08-26T23:25:45.514+08:00 level=INFO msg="Database initialized successfully"
time=2026-08-26T23:25:45.660+08:00 level=INFO msg="Skipping HNSW index on daily_report_sections.embedding: dimension 2560 > 2000 limit"
time=2026-08-26T23:25:45.665+08:00 level=INFO msg="Skipping HNSW index on board_persistent_topics.embedding: dimension 2560 > 2000 limit"
time=2026-08-26T23:25:45.668+08:00 level=INFO msg="Outbound proxy enabled: http://127.0.0.1:7897"
time=2026-08-26T23:25:45.758+08:00 level=INFO msg="[tracing] TracerProvider initialized successfully"
[GIN-debug] [WARNING] Creating an Engine instance with the Logger and Recovery middleware already attached.

[GIN-debug] [WARNING] Running in "debug" mode. Switch to "release" mode in production.
 - using env:	export GIN_MODE=release
 - using code:	gin.SetMode(gin.ReleaseMode)

[GIN-debug] GET    /icons/*filepath          --> syntopica-backend/internal/app.SetupRoutes.iconsFileHandler.func2 (6 handlers)
[GIN-debug] GET    /health                   --> syntopica-backend/internal/app.SetupRoutes.func1 (6 handlers)
[GIN-debug] GET    /api/tasks/status         --> syntopica-backend/internal/admin/handler.GetTasksStatus (6 handlers)
[GIN-debug] GET    /ws                       --> syntopica-backend/internal/platform/ws.HandleWebSocket (6 handlers)
[GIN-debug] GET    /api/categories           --> syntopica-backend/internal/reader/handler.GetCategories (7 handlers)
[GIN-debug] POST   /api/categories           --> syntopica-backend/internal/reader/handler.CreateCategory (7 handlers)
[GIN-debug] PUT    /api/categories/:category_id --> syntopica-backend/internal/reader/handler.UpdateCategory (7 handlers)
[GIN-debug] DELETE /api/categories/:category_id --> syntopica-backend/internal/reader/handler.DeleteCategory (7 handlers)
[GIN-debug] GET    /api/feeds                --> syntopica-backend/internal/reader/handler.GetFeeds (7 handlers)
[GIN-debug] GET    /api/feeds/:feed_id       --> syntopica-backend/internal/reader/handler.GetFeed (7 handlers)
[GIN-debug] POST   /api/feeds                --> syntopica-backend/internal/reader/handler.CreateFeed (7 handlers)
[GIN-debug] PUT    /api/feeds/:feed_id       --> syntopica-backend/internal/reader/handler.UpdateFeed (7 handlers)
[GIN-debug] DELETE /api/feeds/:feed_id       --> syntopica-backend/internal/reader/handler.DeleteFeed (7 handlers)
[GIN-debug] POST   /api/feeds/:feed_id/refresh --> syntopica-backend/internal/reader/handler.RefreshFeed (7 handlers)
[GIN-debug] POST   /api/feeds/fetch          --> syntopica-backend/internal/reader/handler.FetchFeed (7 handlers)
[GIN-debug] POST   /api/feeds/refresh-all    --> syntopica-backend/internal/reader/handler.RefreshAllFeeds (7 handlers)
[GIN-debug] GET    /api/articles/stats       --> syntopica-backend/internal/reader/handler.GetArticlesStats (7 handlers)
[GIN-debug] GET    /api/articles             --> syntopica-backend/internal/reader/handler.GetArticles (7 handlers)
[GIN-debug] GET    /api/articles/:article_id --> syntopica-backend/internal/reader/handler.GetArticle (7 handlers)
[GIN-debug] POST   /api/articles/:article_id/tags --> syntopica-backend/internal/reader/handler.RetagArticleHandler (7 handlers)
[GIN-debug] PUT    /api/articles/:article_id --> syntopica-backend/internal/reader/handler.UpdateArticle (7 handlers)
[GIN-debug] PUT    /api/articles/bulk-update --> syntopica-backend/internal/reader/handler.BulkUpdateArticles (7 handlers)
[GIN-debug] POST   /api/import-opml          --> syntopica-backend/internal/reader/handler.ImportOPML (7 handlers)
[GIN-debug] GET    /api/export-opml          --> syntopica-backend/internal/reader/handler.ExportOPML (7 handlers)
[GIN-debug] POST   /api/content-completion/articles/:article_id/complete --> syntopica-backend/internal/reader/handler.CompleteArticleContent (7 handlers)
[GIN-debug] POST   /api/content-completion/feeds/:feed_id/complete-all --> syntopica-backend/internal/reader/handler.CompleteFeedArticles (7 handlers)
[GIN-debug] GET    /api/content-completion/articles/:article_id/status --> syntopica-backend/internal/reader/handler.GetCompletionStatus (7 handlers)
[GIN-debug] GET    /api/content-completion/overview --> syntopica-backend/internal/reader/handler.GetCompletionOverview (7 handlers)
[GIN-debug] POST   /api/firecrawl/article/:id --> syntopica-backend/internal/reader/handler.CrawlArticle (7 handlers)
[GIN-debug] POST   /api/firecrawl/feed/:id/enable --> syntopica-backend/internal/reader/handler.EnableFeedFirecrawl (7 handlers)
[GIN-debug] GET    /api/firecrawl/status     --> syntopica-backend/internal/reader/handler.GetFirecrawlStatus (7 handlers)
[GIN-debug] POST   /api/firecrawl/settings   --> syntopica-backend/internal/reader/handler.SaveFirecrawlSettings (7 handlers)
[GIN-debug] POST   /api/daily-reports/generate --> syntopica-backend/internal/topicgraph/handler.triggerGenerateDailyReport (7 handlers)
[GIN-debug] GET    /api/daily-reports/:id    --> syntopica-backend/internal/topicgraph/handler.getDailyReport (7 handlers)
[GIN-debug] GET    /api/semantic-boards/:id/daily-reports --> syntopica-backend/internal/topicgraph/handler.listBoardDailyReports (7 handlers)
[GIN-debug] GET    /api/semantic-boards/:id/section-timeline --> syntopica-backend/internal/topicgraph/handler.getBoardSectionTimeline (7 handlers)
[GIN-debug] GET    /api/semantic-boards/:id/topics --> syntopica-backend/internal/topicgraph/handler.listBoardTopics (7 handlers)
[GIN-debug] GET    /api/semantic-boards/:id/topic-landscape --> syntopica-backend/internal/topicgraph/handler.getBoardTopicLandscape (7 handlers)
[GIN-debug] GET    /api/daily-reports/sections/:id/lifecycle --> syntopica-backend/internal/topicgraph/handler.getSectionLifecycle (7 handlers)
[GIN-debug] GET    /api/daily-reports/topics/:id/lifeline --> syntopica-backend/internal/topicgraph/handler.getTopicLifeline (7 handlers)
[GIN-debug] PATCH  /api/daily-reports/topics/:id --> syntopica-backend/internal/topicgraph/handler.updateTopic (7 handlers)
[GIN-debug] DELETE /api/daily-reports/topics/:id --> syntopica-backend/internal/topicgraph/handler.deleteTopic (7 handlers)
[GIN-debug] POST   /api/daily-reports/topics/:id/merge --> syntopica-backend/internal/topicgraph/handler.mergeTopic (7 handlers)
[GIN-debug] POST   /api/daily-reports/topics/:id/split --> syntopica-backend/internal/topicgraph/handler.splitTopic (7 handlers)
[GIN-debug] POST   /api/daily-reports/backfill-embeddings --> syntopica-backend/internal/topicgraph/handler.triggerBackfillEmbeddings (7 handlers)
[GIN-debug] POST   /api/daily-reports/backfill-relations --> syntopica-backend/internal/topicgraph/handler.triggerBackfillRelations (7 handlers)
[GIN-debug] POST   /api/daily-reports/backfill-topics --> syntopica-backend/internal/topicgraph/handler.triggerBackfillTopics (7 handlers)
[GIN-debug] POST   /api/semantic-boards/:id/persistent-topics/manual --> syntopica-backend/internal/topicgraph/handler.createManualTopic (7 handlers)
[GIN-debug] GET    /api/semantic-boards/:id/persistent-topics/compose-candidates --> syntopica-backend/internal/topicgraph/handler.composeCandidates (7 handlers)
[GIN-debug] POST   /api/semantic-boards/:id/persistent-topics/embed-query --> syntopica-backend/internal/topicgraph/handler.embedQuery (7 handlers)
[GIN-debug] POST   /api/semantic-boards/:id/topic-watches --> syntopica-backend/internal/topicgraph/handler.createTopicWatch (7 handlers)
[GIN-debug] GET    /api/semantic-boards/:id/topic-watches --> syntopica-backend/internal/topicgraph/handler.listTopicWatches (7 handlers)
[GIN-debug] PATCH  /api/topic-watches/:id    --> syntopica-backend/internal/topicgraph/handler.updateTopicWatch (7 handlers)
[GIN-debug] DELETE /api/topic-watches/:id    --> syntopica-backend/internal/topicgraph/handler.deleteTopicWatch (7 handlers)
[GIN-debug] GET    /api/daily-reports/:id/watch-hits --> syntopica-backend/internal/topicgraph/handler.getWatchHits (7 handlers)
[GIN-debug] GET    /api/ai/providers         --> syntopica-backend/internal/admin/handler.ListProviders (7 handlers)
[GIN-debug] POST   /api/ai/providers         --> syntopica-backend/internal/admin/handler.UpsertProvider (7 handlers)
[GIN-debug] PUT    /api/ai/providers/:provider_id --> syntopica-backend/internal/admin/handler.UpdateProvider (7 handlers)
[GIN-debug] DELETE /api/ai/providers/:provider_id --> syntopica-backend/internal/admin/handler.DeleteProvider (7 handlers)
[GIN-debug] GET    /api/ai/routes            --> syntopica-backend/internal/admin/handler.ListRoutes (7 handlers)
[GIN-debug] PUT    /api/ai/routes/:capability --> syntopica-backend/internal/admin/handler.UpdateRoute (7 handlers)
[GIN-debug] GET    /api/ai/settings          --> syntopica-backend/internal/admin/handler.GetSettings (7 handlers)
[GIN-debug] POST   /api/ai/settings          --> syntopica-backend/internal/admin/handler.SaveSettings (7 handlers)
[GIN-debug] POST   /api/ai/test              --> syntopica-backend/internal/admin/handler.TestConnection (7 handlers)
[GIN-debug] GET    /api/ai/call-logs         --> syntopica-backend/internal/admin/handler.ListCallLogs (7 handlers)
[GIN-debug] GET    /api/ai/sessions/:session_id --> syntopica-backend/internal/admin/handler.GetSession (7 handlers)
[GIN-debug] GET    /api/ai/health            --> syntopica-backend/internal/admin/handler.GetAIHealth (7 handlers)
[GIN-debug] PUT    /api/ai/health/auto-start-models --> syntopica-backend/internal/admin/handler.SetAutoStartModels (7 handlers)
[GIN-debug] POST   /api/ai/health/reprobe    --> syntopica-backend/internal/admin/handler.ReprobeAIHealth (7 handlers)
[GIN-debug] GET    /api/schedulers/status    --> syntopica-backend/internal/admin/handler.GetSchedulersStatus (7 handlers)
[GIN-debug] GET    /api/schedulers/:name/status --> syntopica-backend/internal/admin/handler.GetSchedulerStatus (7 handlers)
[GIN-debug] POST   /api/schedulers/:name/trigger --> syntopica-backend/internal/admin/handler.TriggerScheduler (7 handlers)
[GIN-debug] POST   /api/schedulers/:name/reset --> syntopica-backend/internal/admin/handler.ResetSchedulerStats (7 handlers)
[GIN-debug] PUT    /api/schedulers/:name/interval --> syntopica-backend/internal/admin/handler.UpdateSchedulerInterval (7 handlers)
[GIN-debug] PUT    /api/schedulers/:name/schedule-time --> syntopica-backend/internal/admin/handler.UpdateSchedulerScheduleTime (7 handlers)
[GIN-debug] GET    /api/analysis/pause       --> syntopica-backend/internal/admin/handler.GetAnalysisPause (7 handlers)
[GIN-debug] POST   /api/analysis/pause       --> syntopica-backend/internal/admin/handler.SetAnalysisPause (7 handlers)
[GIN-debug] POST   /api/reading-behavior/track --> syntopica-backend/internal/admin/handler.TrackReadingBehavior (7 handlers)
[GIN-debug] POST   /api/reading-behavior/track-batch --> syntopica-backend/internal/admin/handler.BatchTrackReadingBehavior (7 handlers)
[GIN-debug] GET    /api/reading-behavior/stats --> syntopica-backend/internal/admin/handler.GetReadingStats (7 handlers)
[GIN-debug] GET    /api/preference-profile   --> syntopica-backend/internal/admin/handler.GetPreferenceProfile (7 handlers)
[GIN-debug] POST   /api/preference-profile/recompute --> syntopica-backend/internal/admin/handler.RecomputePreferenceProfile (7 handlers)
[GIN-debug] POST   /api/discovery/catalog/sync --> syntopica-backend/internal/admin/handler.SyncCatalog (7 handlers)
[GIN-debug] GET    /api/discovery/catalog/status --> syntopica-backend/internal/admin/handler.GetCatalogStatus (7 handlers)
[GIN-debug] GET    /api/discovery/recommendations --> syntopica-backend/internal/admin/handler.GetRecommendations (7 handlers)
[GIN-debug] POST   /api/discovery/recommendations/refresh --> syntopica-backend/internal/admin/handler.RefreshRecommendations (7 handlers)
[GIN-debug] POST   /api/discovery/recommendations/:id/accept --> syntopica-backend/internal/admin/handler.AcceptRecommendation (7 handlers)
[GIN-debug] POST   /api/discovery/recommendations/:id/dismiss --> syntopica-backend/internal/admin/handler.DismissRecommendation (7 handlers)
[GIN-debug] POST   /api/discovery/ask        --> syntopica-backend/internal/admin/handler.Ask (7 handlers)
[GIN-debug] GET    /api/settings/rsshub      --> syntopica-backend/internal/admin/handler.GetRSSHubSettings (7 handlers)
[GIN-debug] POST   /api/settings/rsshub      --> syntopica-backend/internal/admin/handler.SaveRSSHubSettings (7 handlers)
[GIN-debug] GET    /api/settings/proxy       --> syntopica-backend/internal/admin/handler.GetProxySettings (7 handlers)
[GIN-debug] POST   /api/settings/proxy       --> syntopica-backend/internal/admin/handler.SaveProxySettings (7 handlers)
[GIN-debug] GET    /api/settings/bocha       --> syntopica-backend/internal/admin/handler.GetBochaSettings (7 handlers)
[GIN-debug] POST   /api/settings/bocha       --> syntopica-backend/internal/admin/handler.SaveBochaSettings (7 handlers)
[GIN-debug] GET    /api/admin/route-param-options --> syntopica-backend/internal/admin/handler.ListRouteParamOptions (7 handlers)
[GIN-debug] POST   /api/admin/route-param-options --> syntopica-backend/internal/admin/handler.CreateRouteParamOption (7 handlers)
[GIN-debug] PUT    /api/admin/route-param-options/:id --> syntopica-backend/internal/admin/handler.UpdateRouteParamOption (7 handlers)
[GIN-debug] DELETE /api/admin/route-param-options/:id --> syntopica-backend/internal/admin/handler.DeleteRouteParamOption (7 handlers)
[GIN-debug] GET    /api/embedding/queue/status --> syntopica-backend/internal/tagmanagement/handler.GetEmbeddingQueueStatus (7 handlers)
[GIN-debug] GET    /api/embedding/queue/tasks --> syntopica-backend/internal/tagmanagement/handler.GetEmbeddingQueueTasks (7 handlers)
[GIN-debug] POST   /api/embedding/queue/retry --> syntopica-backend/internal/tagmanagement/handler.RetryEmbeddingQueueFailed (7 handlers)
[GIN-debug] POST   /api/embedding/queue/person-metadata/backfill --> syntopica-backend/internal/tagmanagement/handler.BackfillPersonMetadataHandler (7 handlers)
[GIN-debug] GET    /api/embedding/merge-reembedding/status --> syntopica-backend/internal/tagmanagement/handler.GetMergeReembeddingQueueStatus (7 handlers)
[GIN-debug] GET    /api/embedding/merge-reembedding/tasks --> syntopica-backend/internal/tagmanagement/handler.GetMergeReembeddingQueueTasks (7 handlers)
[GIN-debug] POST   /api/embedding/merge-reembedding/retry --> syntopica-backend/internal/tagmanagement/handler.RetryMergeReembeddingQueueFailed (7 handlers)
[GIN-debug] GET    /api/tag-queue/status     --> syntopica-backend/internal/tagmanagement/handler.GetTagQueueStatus (7 handlers)
[GIN-debug] GET    /api/tag-queue/tasks      --> syntopica-backend/internal/tagmanagement/handler.GetTagQueueTasks (7 handlers)
[GIN-debug] POST   /api/tag-queue/retry      --> syntopica-backend/internal/tagmanagement/handler.RetryTagQueueFailed (7 handlers)
[GIN-debug] POST   /api/tag-queue/retag-today --> syntopica-backend/internal/tagmanagement/handler.RetagTodayArticles (7 handlers)
[GIN-debug] GET    /api/topic-tags/search    --> syntopica-backend/internal/tagmanagement/handler.SearchTagsHandler (7 handlers)
[GIN-debug] POST   /api/topic-tags/merge     --> syntopica-backend/internal/tagmanagement/handler.MergeTagsHandler (7 handlers)
[GIN-debug] GET    /api/topic-tags/watched   --> syntopica-backend/internal/tagmanagement/handler.ListWatchedTagsHandler (7 handlers)
[GIN-debug] POST   /api/topic-tags/:tag_id/watch --> syntopica-backend/internal/tagmanagement/handler.WatchTagHandler (7 handlers)
[GIN-debug] POST   /api/topic-tags/:tag_id/unwatch --> syntopica-backend/internal/tagmanagement/handler.UnwatchTagHandler (7 handlers)
[GIN-debug] GET    /api/topic-tags/merge-preview --> syntopica-backend/internal/tagmanagement/handler.ScanMergePreviewHandler (7 handlers)
[GIN-debug] GET    /api/topic-tags/merge-preview/status --> syntopica-backend/internal/tagmanagement/handler.MergePreviewStatusHandler (7 handlers)
[GIN-debug] POST   /api/topic-tags/merge-with-name --> syntopica-backend/internal/tagmanagement/handler.MergeTagsWithCustomNameHandler (7 handlers)
[GIN-debug] POST   /api/topic-tags/merge-preview/dismiss --> syntopica-backend/internal/tagmanagement/handler.DismissSuggestionHandler (7 handlers)
[GIN-debug] POST   /api/topic-tags/merge-preview/scan --> syntopica-backend/internal/tagmanagement/handler.TriggerScanHandler (7 handlers)
[GIN-debug] GET    /api/topic-tags/merge-preview/scan/stream --> syntopica-backend/internal/tagmanagement/handler.ScanStreamHandler (7 handlers)
[GIN-debug] POST   /api/topic-tags/merge-preview/evaluate --> syntopica-backend/internal/tagmanagement/handler.TriggerEvaluateHandler (7 handlers)
[GIN-debug] GET    /api/topic-tags/merge-preview/evaluate/stream --> syntopica-backend/internal/tagmanagement/handler.EvaluateStreamHandler (7 handlers)
[GIN-debug] POST   /api/topic-tags/merge-preview/add-to-group --> syntopica-backend/internal/tagmanagement/handler.AddToGroupHandler (7 handlers)
[GIN-debug] GET    /api/semantic-boards/upgrade-candidates --> syntopica-backend/internal/tagmanagement/handler.(*semanticBoardHandler).getUpgradeCandidates-fm (7 handlers)
[GIN-debug] POST   /api/semantic-boards/upgrade-suggest --> syntopica-backend/internal/tagmanagement/handler.(*semanticBoardHandler).suggestUpgrades-fm (7 handlers)
[GIN-debug] POST   /api/semantic-boards/upgrade-execute --> syntopica-backend/internal/tagmanagement/handler.(*semanticBoardHandler).executeUpgrade-fm (7 handlers)
[GIN-debug] GET    /api/semantic-boards/upgrade-suggestions --> syntopica-backend/internal/tagmanagement/handler.(*semanticBoardHandler).listUpgradeSuggestions-fm (7 handlers)
[GIN-debug] POST   /api/semantic-boards/upgrade-suggestions/:id/dismiss --> syntopica-backend/internal/tagmanagement/handler.(*semanticBoardHandler).dismissUpgradeSuggestion-fm (7 handlers)
[GIN-debug] POST   /api/semantic-boards/upgrade-suggestions/generate --> syntopica-backend/internal/tagmanagement/handler.(*semanticBoardHandler).generateUpgradeSuggestions-fm (7 handlers)
[GIN-debug] POST   /api/semantic-boards/backfill --> syntopica-backend/internal/tagmanagement/handler.(*semanticBoardHandler).enqueueBackfill-fm (7 handlers)
[GIN-debug] GET    /api/semantic-boards/backfill/:id --> syntopica-backend/internal/tagmanagement/handler.(*semanticBoardHandler).getBackfillJob-fm (7 handlers)
[GIN-debug] POST   /api/semantic-boards/backfill-embeddings --> syntopica-backend/internal/tagmanagement/handler.(*semanticBoardHandler).backfillBoardEmbeddings-fm (7 handlers)
[GIN-debug] POST   /api/semantic-boards/rematch-all --> syntopica-backend/internal/tagmanagement/handler.(*semanticBoardHandler).rematchAll-fm (7 handlers)
[GIN-debug] GET    /api/semantic-boards/matching-config --> syntopica-backend/internal/tagmanagement/handler.(*semanticBoardHandler).getMatchingConfig-fm (7 handlers)
[GIN-debug] PUT    /api/semantic-boards/matching-config --> syntopica-backend/internal/tagmanagement/handler.(*semanticBoardHandler).updateMatchingConfig-fm (7 handlers)
[GIN-debug] GET    /api/semantic-boards/suggest-auxiliaries --> syntopica-backend/internal/tagmanagement/handler.(*semanticBoardHandler).suggestAuxiliaries-fm (7 handlers)
[GIN-debug] GET    /api/semantic-boards      --> syntopica-backend/internal/tagmanagement/handler.(*semanticBoardHandler).listSemanticBoards-fm (7 handlers)
[GIN-debug] POST   /api/semantic-boards      --> syntopica-backend/internal/tagmanagement/handler.(*semanticBoardHandler).createSemanticBoard-fm (7 handlers)
[GIN-debug] GET    /api/semantic-boards/:id  --> syntopica-backend/internal/tagmanagement/handler.(*semanticBoardHandler).getSemanticBoard-fm (7 handlers)
[GIN-debug] PUT    /api/semantic-boards/:id  --> syntopica-backend/internal/tagmanagement/handler.(*semanticBoardHandler).updateSemanticBoard-fm (7 handlers)
[GIN-debug] DELETE /api/semantic-boards/:id  --> syntopica-backend/internal/tagmanagement/handler.(*semanticBoardHandler).deleteSemanticBoard-fm (7 handlers)
[GIN-debug] GET    /api/semantic-boards/:id/suggest-auxiliaries --> syntopica-backend/internal/tagmanagement/handler.(*semanticBoardHandler).suggestAuxiliariesForBoard-fm (7 handlers)
[GIN-debug] GET    /api/semantic-boards/:id/articles --> syntopica-backend/internal/tagmanagement/handler.(*semanticBoardHandler).getBoardArticles-fm (7 handlers)
[GIN-debug] GET    /api/semantic-boards/:id/match-detail/:tagId --> syntopica-backend/internal/tagmanagement/handler.(*semanticBoardHandler).getTagMatchDetail-fm (7 handlers)
[GIN-debug] GET    /api/semantic-boards/:id/composition --> syntopica-backend/internal/tagmanagement/handler.(*semanticBoardHandler).getBoardComposition-fm (7 handlers)
[GIN-debug] POST   /api/semantic-boards/:id/composition --> syntopica-backend/internal/tagmanagement/handler.(*semanticBoardHandler).addBoardComposition-fm (7 handlers)
[GIN-debug] DELETE /api/semantic-boards/:id/composition/:auxiliary_label_id --> syntopica-backend/internal/tagmanagement/handler.(*semanticBoardHandler).removeBoardComposition-fm (7 handlers)
[GIN-debug] GET    /api/auxiliary-labels     --> syntopica-backend/internal/tagmanagement/handler.(*semanticBoardHandler).listAuxiliaryLabels-fm (7 handlers)
[GIN-debug] GET    /api/auxiliary-labels/clusters --> syntopica-backend/internal/tagmanagement/handler.(*semanticBoardHandler).clusterAuxiliaryLabels-fm (7 handlers)
[GIN-debug] POST   /api/auxiliary-labels/merge-alias --> syntopica-backend/internal/tagmanagement/handler.(*semanticBoardHandler).mergeAuxiliaryAlias-fm (7 handlers)
[GIN-debug] POST   /api/auxiliary-labels/gc  --> syntopica-backend/internal/tagmanagement/handler.(*semanticBoardHandler).gcAuxiliaryLabels-fm (7 handlers)
[GIN-debug] POST   /api/auxiliary-labels/:id/disable --> syntopica-backend/internal/tagmanagement/handler.(*semanticBoardHandler).disableAuxiliaryLabel-fm (7 handlers)
[GIN-debug] GET    /api/tags/:id/auxiliary-labels --> syntopica-backend/internal/tagmanagement/handler.(*semanticBoardHandler).getTagAuxiliaryLabels-fm (7 handlers)
[GIN-debug] GET    /api/tags/:id/semantic-boards --> syntopica-backend/internal/tagmanagement/handler.(*semanticBoardHandler).getTagSemanticBoards-fm (7 handlers)
[GIN-debug] GET    /api/persistent-topics/:topicId/enrichment/contexts --> syntopica-backend/internal/dataenrichment/handler.(*EnrichmentHandler).listContexts-fm (7 handlers)
[GIN-debug] GET    /api/persistent-topics/:topicId/enrichment/contexts/:granularity/:period --> syntopica-backend/internal/dataenrichment/handler.(*EnrichmentHandler).getContext-fm (7 handlers)
[GIN-debug] PUT    /api/persistent-topics/:topicId/enrichment/contexts/:granularity/:period --> syntopica-backend/internal/dataenrichment/handler.(*EnrichmentHandler).updateContext-fm (7 handlers)
[GIN-debug] POST   /api/persistent-topics/:topicId/enrichment/contexts/:granularity/regenerate --> syntopica-backend/internal/dataenrichment/handler.(*EnrichmentHandler).regenerateContext-fm (7 handlers)
[GIN-debug] GET    /api/persistent-topics/:topicId/enrichment/results --> syntopica-backend/internal/dataenrichment/handler.(*EnrichmentHandler).listResults-fm (7 handlers)
[GIN-debug] GET    /api/persistent-topics/:topicId/enrichment/results/:id --> syntopica-backend/internal/dataenrichment/handler.(*EnrichmentHandler).getResult-fm (7 handlers)
[GIN-debug] POST   /api/persistent-topics/:topicId/enrichment/results/trigger --> syntopica-backend/internal/dataenrichment/handler.(*EnrichmentHandler).triggerEnrichment-fm (7 handlers)
[GIN-debug] POST   /api/persistent-topics/:topicId/enrichment/results/:id/debates --> syntopica-backend/internal/dataenrichment/handler.(*EnrichmentHandler).triggerDebate-fm (7 handlers)
[GIN-debug] GET    /api/persistent-topics/:topicId/enrichment/results/:id/debates --> syntopica-backend/internal/dataenrichment/handler.(*EnrichmentHandler).listDebates-fm (7 handlers)
[GIN-debug] POST   /api/persistent-topics/:topicId/enrichment/results/:id/qa --> syntopica-backend/internal/dataenrichment/handler.(*EnrichmentHandler).askQA-fm (7 handlers)
[GIN-debug] GET    /api/persistent-topics/:topicId/enrichment/results/:id/qa --> syntopica-backend/internal/dataenrichment/handler.(*EnrichmentHandler).listQA-fm (7 handlers)
[GIN-debug] POST   /api/persistent-topics/:topicId/enrichment/qa/:id/sediment --> syntopica-backend/internal/dataenrichment/handler.(*EnrichmentHandler).sedimentQA-fm (7 handlers)
[GIN-debug] GET    /api/persistent-topics/:topicId/enrichment/reviews --> syntopica-backend/internal/dataenrichment/handler.(*EnrichmentHandler).listReviews-fm (7 handlers)
[GIN-debug] POST   /api/persistent-topics/:topicId/enrichment/reviews --> syntopica-backend/internal/dataenrichment/handler.(*EnrichmentHandler).createReview-fm (7 handlers)
[GIN-debug] PUT    /api/persistent-topics/:topicId/enrichment/reviews/:id --> syntopica-backend/internal/dataenrichment/handler.(*EnrichmentHandler).updateReviewDeviation-fm (7 handlers)
[GIN-debug] POST   /api/persistent-topics/:topicId/enrichment/reviews/:id/apply --> syntopica-backend/internal/dataenrichment/handler.(*EnrichmentHandler).applyReview-fm (7 handlers)
[GIN-debug] POST   /api/semantic-boards/:id/enrichment/analysis/trigger --> syntopica-backend/internal/dataenrichment/handler.(*EnrichmentHandler).triggerBoardEnrichment-fm (7 handlers)
[GIN-debug] GET    /api/semantic-boards/:id/enrichment/analysis/results --> syntopica-backend/internal/dataenrichment/handler.(*EnrichmentHandler).listBoardResults-fm (7 handlers)
[GIN-debug] GET    /api/semantic-boards/:id/enrichment/analysis/results/:rid --> syntopica-backend/internal/dataenrichment/handler.(*EnrichmentHandler).getBoardResult-fm (7 handlers)
[GIN-debug] GET    /api/semantic-boards/:id/data-sources --> syntopica-backend/internal/dataenrichment/handler.(*EnrichmentHandler).listDataSources-fm (7 handlers)
[GIN-debug] PUT    /api/semantic-boards/:id/data-sources --> syntopica-backend/internal/dataenrichment/handler.(*EnrichmentHandler).upsertDataSource-fm (7 handlers)
[GIN-debug] DELETE /api/semantic-boards/:id/data-sources/:sourceType --> syntopica-backend/internal/dataenrichment/handler.(*EnrichmentHandler).deleteDataSource-fm (7 handlers)
[GIN-debug] GET    /api/reference-roles      --> syntopica-backend/internal/dataenrichment/handler.(*EnrichmentHandler).listReferenceRoles-fm (7 handlers)
[GIN-debug] POST   /api/reference-roles      --> syntopica-backend/internal/dataenrichment/handler.(*EnrichmentHandler).createReferenceRole-fm (7 handlers)
[GIN-debug] GET    /api/reference-roles/:id  --> syntopica-backend/internal/dataenrichment/handler.(*EnrichmentHandler).getReferenceRole-fm (7 handlers)
[GIN-debug] PUT    /api/reference-roles/:id  --> syntopica-backend/internal/dataenrichment/handler.(*EnrichmentHandler).updateReferenceRole-fm (7 handlers)
[GIN-debug] DELETE /api/reference-roles/:id  --> syntopica-backend/internal/dataenrichment/handler.(*EnrichmentHandler).deleteReferenceRole-fm (7 handlers)
[GIN-debug] GET    /api/traces               --> syntopica-backend/internal/platform/tracing.(*TraceHandler).GetTraceByTraceID-fm (7 handlers)
[GIN-debug] GET    /api/traces/recent        --> syntopica-backend/internal/platform/tracing.(*TraceHandler).GetRecentTraces-fm (7 handlers)
[GIN-debug] GET    /api/traces/search        --> syntopica-backend/internal/platform/tracing.(*TraceHandler).SearchTraces-fm (7 handlers)
[GIN-debug] GET    /api/traces/stats         --> syntopica-backend/internal/platform/tracing.(*TraceHandler).GetTraceStats-fm (7 handlers)
[GIN-debug] GET    /api/traces/:trace_id/timeline --> syntopica-backend/internal/platform/tracing.(*TraceHandler).GetTraceTimeline-fm (7 handlers)
[GIN-debug] GET    /api/traces/:trace_id/otlp --> syntopica-backend/internal/platform/tracing.(*TraceHandler).ExportTraceOTLP-fm (7 handlers)
time=2026-08-26T23:25:45.796+08:00 level=INFO msg="Tag queue started successfully"
time=2026-08-26T23:25:45.796+08:00 level=INFO msg="Tag queue started successfully"
time=2026-08-26T23:25:45.798+08:00 level=INFO msg="Embedding queue worker started successfully"
time=2026-08-26T23:25:45.799+08:00 level=INFO msg="Merge re-embedding queue worker started successfully"
time=2026-08-26T23:25:45.807+08:00 level=INFO msg="Log Cleanup scheduler started (interval: 24h0m0s, startupDelay: 5m0s)"
time=2026-08-26T23:25:45.812+08:00 level=INFO msg="Aux Label Cleanup scheduler started (interval: 1h0m0s, startupDelay: 10m0s)"
time=2026-08-26T23:25:45.819+08:00 level=INFO msg="Blocked Article Recovery scheduler started (interval: 1h0m0s, startupDelay: 0s)"
time=2026-08-26T23:25:45.825+08:00 level=INFO msg="RSSHub Catalog Sync scheduler started (interval: 24h0m0s, startupDelay: 0s)"
time=2026-08-26T23:25:45.831+08:00 level=INFO msg="Tag Quality Score scheduler started (interval: 1h0m0s, startupDelay: 0s)"
time=2026-08-26T23:25:45.837+08:00 level=INFO msg="Auto Refresh scheduler started (interval: 1m0s, startupDelay: 0s)"
time=2026-08-26T23:25:45.843+08:00 level=INFO msg="Daily Report scheduler started (wall-clock mode)"
time=2026-08-26T23:25:45.853+08:00 level=INFO msg="Board Upgrade Suggest scheduler started (wall-clock mode)"
time=2026-08-26T23:25:45.859+08:00 level=INFO msg="Preference Profile Update scheduler started (interval: 1h0m0s, startupDelay: 0s)"
time=2026-08-26T23:25:45.864+08:00 level=INFO msg="Content Completion scheduler started (interval: 1m0s, startupDelay: 0s)"
time=2026-08-26T23:25:45.872+08:00 level=INFO msg="Firecrawl Crawler scheduler started (interval: 5m0s, startupDelay: 0s)"
time=2026-08-26T23:25:45.880+08:00 level=INFO msg="Lifeline Weekly Refresh scheduler started (wall-clock mode)"
time=2026-08-26T23:25:45.885+08:00 level=INFO msg="Lifeline Monthly Refresh scheduler started (wall-clock mode)"
time=2026-08-26T23:25:45.894+08:00 level=INFO msg="Lifeline Yearly Refresh scheduler started (wall-clock mode)"
time=2026-08-26T23:25:45.897+08:00 level=INFO msg="Server starting on :5000"
time=2026-08-26T23:25:45.897+08:00 level=INFO msg="Environment: debug"
[GIN-debug] [WARNING] You trusted all proxies, this is NOT safe. We recommend you to set a value.
Please check https://github.com/gin-gonic/gin/blob/master/docs/doc.md#dont-trust-all-proxies for details.
[GIN-debug] Listening and serving HTTP on :5000
[GIN] 2026/08/26 - 23:25:49 | 200 |       0s |             ::1 | GET      "/ws"
time=2026-08-26T23:25:49.152+08:00 level=INFO msg="WebSocket客户端已连接，当前连接数: 1"
time=2026-08-26T23:26:27.229+08:00 level=INFO msg="WebSocket客户端已断开，当前连接数: 0"
time=2026-08-26T23:26:45.844+08:00 level=INFO msg="Auto Refresh: triggered 1 feeds (scanned=23, due=1, stale_reset=0)"
time=2026-08-26T23:26:45.893+08:00 level=INFO msg="Content Completion: no pending content to complete"
time=2026-08-26T23:26:46.257+08:00 level=INFO msg="[cleanup] feed 1: max=100, active=100"
time=2026-08-26T23:26:46.258+08:00 level=INFO msg="[cleanup] feed 1: skip, active article count within limit"
time=2026-08-26T23:27:45.840+08:00 level=INFO msg="Auto Refresh: triggered 0 feeds (scanned=23, due=0, stale_reset=0)"
time=2026-08-26T23:27:45.892+08:00 level=INFO msg="Content Completion: no pending content to complete"
time=2026-08-26T23:28:45.839+08:00 level=INFO msg="Auto Refresh: triggered 0 feeds (scanned=23, due=0, stale_reset=0)"
time=2026-08-26T23:28:45.892+08:00 level=INFO msg="Content Completion: no pending content to complete"
time=2026-08-26T23:29:45.838+08:00 level=INFO msg="Auto Refresh: triggered 0 feeds (scanned=23, due=0, stale_reset=0)"
time=2026-08-26T23:29:45.887+08:00 level=INFO msg="Content Completion: no pending content to complete"
time=2026-08-26T23:30:45.838+08:00 level=INFO msg="Auto Refresh: triggered 0 feeds (scanned=23, due=0, stale_reset=0)"
time=2026-08-26T23:30:45.875+08:00 level=INFO msg="Firecrawl Crawler: no jobs to process"
time=2026-08-26T23:30:45.892+08:00 level=INFO msg="Content Completion: no pending content to complete"
time=2026-08-26T23:30:49.616+08:00 level=WARN msg="[SLOW SQL] 3731.331ms > 200ms | rows=16886 | DELETE FROM otel_spans WHERE start_time_unix_nano < 1787153445807574400"
time=2026-08-26T23:30:49.626+08:00 level=INFO msg="Log Cleanup: ai_call_logs=818, otel_spans=16886, ai_embedding_cache=0, embedding_queues=0"
time=2026-08-26T23:31:45.839+08:00 level=INFO msg="Auto Refresh: triggered 0 feeds (scanned=23, due=0, stale_reset=0)"
time=2026-08-26T23:31:45.893+08:00 level=INFO msg="Content Completion: no pending content to complete"
time=2026-08-26T23:32:45.839+08:00 level=INFO msg="Auto Refresh: triggered 0 feeds (scanned=23, due=0, stale_reset=0)"
time=2026-08-26T23:32:45.887+08:00 level=INFO msg="Content Completion: no pending content to complete"
time=2026-08-26T23:33:45.838+08:00 level=INFO msg="Auto Refresh: triggered 0 feeds (scanned=23, due=0, stale_reset=0)"
time=2026-08-26T23:33:45.888+08:00 level=INFO msg="Content Completion: no pending content to complete"
time=2026-08-26T23:34:45.839+08:00 level=INFO msg="Auto Refresh: triggered 0 feeds (scanned=23, due=0, stale_reset=0)"
time=2026-08-26T23:34:45.889+08:00 level=INFO msg="Content Completion: no pending content to complete"
time=2026-08-26T23:35:45.839+08:00 level=INFO msg="Auto Refresh: triggered 0 feeds (scanned=23, due=0, stale_reset=0)"
time=2026-08-26T23:35:45.884+08:00 level=INFO msg="Firecrawl Crawler: no jobs to process"
time=2026-08-26T23:35:45.921+08:00 level=INFO msg="Content Completion: no pending content to complete"
time=2026-08-26T23:35:46.010+08:00 level=INFO msg="Aux Label Cleanup: disabled 0 labels"
time=2026-08-26T23:36:45.839+08:00 level=INFO msg="Auto Refresh: triggered 0 feeds (scanned=23, due=0, stale_reset=0)"
time=2026-08-26T23:36:45.892+08:00 level=INFO msg="Content Completion: no pending content to complete"
time=2026-08-26T23:37:45.839+08:00 level=INFO msg="Auto Refresh: triggered 0 feeds (scanned=23, due=0, stale_reset=0)"
time=2026-08-26T23:37:45.890+08:00 level=INFO msg="Content Completion: no pending content to complete"
time=2026-08-26T23:38:45.839+08:00 level=INFO msg="Auto Refresh: triggered 0 feeds (scanned=23, due=0, stale_reset=0)"
time=2026-08-26T23:38:45.887+08:00 level=INFO msg="Content Completion: no pending content to complete"
time=2026-08-26T23:39:45.839+08:00 level=INFO msg="Auto Refresh: triggered 0 feeds (scanned=23, due=0, stale_reset=0)"
time=2026-08-26T23:39:45.888+08:00 level=INFO msg="Content Completion: no pending content to complete"
time=2026-08-26T23:40:45.839+08:00 level=INFO msg="Auto Refresh: triggered 0 feeds (scanned=23, due=0, stale_reset=0)"
time=2026-08-26T23:40:45.875+08:00 level=INFO msg="Firecrawl Crawler: no jobs to process"
time=2026-08-26T23:40:45.900+08:00 level=INFO msg="Content Completion: no pending content to complete"
time=2026-08-26T23:41:45.839+08:00 level=INFO msg="Auto Refresh: triggered 0 feeds (scanned=23, due=0, stale_reset=0)"
time=2026-08-26T23:41:45.888+08:00 level=INFO msg="Content Completion: no pending content to complete"
time=2026-08-26T23:42:45.843+08:00 level=INFO msg="Auto Refresh: triggered 1 feeds (scanned=23, due=1, stale_reset=0)"
time=2026-08-26T23:42:45.887+08:00 level=INFO msg="Content Completion: no pending content to complete"
time=2026-08-26T23:42:46.207+08:00 level=INFO msg="[cleanup] feed 1: max=100, active=100"
time=2026-08-26T23:42:46.208+08:00 level=INFO msg="[cleanup] feed 1: skip, active article count within limit"
time=2026-08-26T23:43:45.839+08:00 level=INFO msg="Auto Refresh: triggered 0 feeds (scanned=23, due=0, stale_reset=0)"
time=2026-08-26T23:43:45.891+08:00 level=INFO msg="Content Completion: no pending content to complete"
time=2026-08-26T23:44:45.840+08:00 level=INFO msg="Auto Refresh: triggered 0 feeds (scanned=23, due=0, stale_reset=0)"
time=2026-08-26T23:44:45.894+08:00 level=INFO msg="Content Completion: no pending content to complete"
time=2026-08-26T23:45:45.839+08:00 level=INFO msg="Auto Refresh: triggered 0 feeds (scanned=23, due=0, stale_reset=0)"
time=2026-08-26T23:45:45.875+08:00 level=INFO msg="Firecrawl Crawler: no jobs to process"
time=2026-08-26T23:45:45.888+08:00 level=INFO msg="Content Completion: no pending content to complete"
time=2026-08-26T23:46:45.839+08:00 level=INFO msg="Auto Refresh: triggered 0 feeds (scanned=23, due=0, stale_reset=0)"
time=2026-08-26T23:46:45.894+08:00 level=INFO msg="Content Completion: no pending content to complete"
time=2026-08-26T23:47:45.839+08:00 level=INFO msg="Auto Refresh: triggered 0 feeds (scanned=23, due=0, stale_reset=0)"
time=2026-08-26T23:47:45.887+08:00 level=INFO msg="Content Completion: no pending content to complete"
time=2026-08-26T23:48:45.839+08:00 level=INFO msg="Auto Refresh: triggered 0 feeds (scanned=23, due=0, stale_reset=0)"
time=2026-08-26T23:48:45.886+08:00 level=INFO msg="Content Completion: no pending content to complete"
time=2026-08-26T23:49:45.839+08:00 level=INFO msg="Auto Refresh: triggered 0 feeds (scanned=23, due=0, stale_reset=0)"
time=2026-08-26T23:49:45.891+08:00 level=INFO msg="Content Completion: no pending content to complete"
time=2026-08-26T23:50:45.839+08:00 level=INFO msg="Auto Refresh: triggered 0 feeds (scanned=23, due=0, stale_reset=0)"
time=2026-08-26T23:50:45.875+08:00 level=INFO msg="Firecrawl Crawler: no jobs to process"
time=2026-08-26T23:50:45.890+08:00 level=INFO msg="Content Completion: no pending content to complete"
time=2026-08-26T23:51:45.864+08:00 level=INFO msg="Auto Refresh: triggered 6 feeds (scanned=23, due=6, stale_reset=0)"
time=2026-08-26T23:51:45.889+08:00 level=INFO msg="Content Completion: no pending content to complete"
time=2026-08-26T23:51:45.973+08:00 level=INFO msg="[cleanup] feed 3: max=100, active=100"
time=2026-08-26T23:51:45.975+08:00 level=INFO msg="[cleanup] feed 3: skip, active article count within limit"
time=2026-08-26T23:51:45.987+08:00 level=INFO msg="[cleanup] feed 12: max=100, active=100"
time=2026-08-26T23:51:45.988+08:00 level=INFO msg="[cleanup] feed 12: skip, active article count within limit"
time=2026-08-26T23:51:46.005+08:00 level=ERROR msg="Error refreshing feed 20: failed to parse feed: Failed to detect feed type"
time=2026-08-26T23:51:46.156+08:00 level=INFO msg="[cleanup] feed 9: max=100, active=24"
time=2026-08-26T23:51:46.156+08:00 level=INFO msg="[cleanup] feed 9: skip, active article count within limit"
time=2026-08-26T23:51:46.495+08:00 level=INFO msg="[cleanup] feed 29: max=100, active=100"
time=2026-08-26T23:51:46.496+08:00 level=INFO msg="[cleanup] feed 29: skip, active article count within limit"
time=2026-08-26T23:51:46.562+08:00 level=INFO msg="icon: candidate \"https://paper.seebug.org/favicon.ico\" download failed for feed 23: icon download returned HTTP 404"
time=2026-08-26T23:51:46.565+08:00 level=INFO msg="[cleanup] feed 23: max=100, active=35"
time=2026-08-26T23:51:46.565+08:00 level=INFO msg="[cleanup] feed 23: skip, active article count within limit"
time=2026-08-26T23:52:45.889+08:00 level=INFO msg="Content Completion: no pending content to complete"
time=2026-08-26T23:52:45.919+08:00 level=INFO msg="Auto Refresh: triggered 16 feeds (scanned=23, due=16, stale_reset=0)"
time=2026-08-26T23:52:46.262+08:00 level=ERROR msg="Error refreshing feed 16: feed returned HTTP 503"
time=2026-08-26T23:52:46.322+08:00 level=INFO msg="[cleanup] feed 6: max=100, active=30"
time=2026-08-26T23:52:46.324+08:00 level=INFO msg="[cleanup] feed 6: skip, active article count within limit"
time=2026-08-26T23:52:46.578+08:00 level=INFO msg="[cleanup] feed 2: max=100, active=13"
time=2026-08-26T23:52:46.578+08:00 level=INFO msg="[cleanup] feed 2: skip, active article count within limit"
time=2026-08-26T23:52:46.870+08:00 level=INFO msg="icon: candidate \"http://0.0.0.0:8080/favicon.ico\" download failed for feed 21: icon download returned HTTP 502"
time=2026-08-26T23:52:46.872+08:00 level=INFO msg="[cleanup] feed 21: max=100, active=100"
time=2026-08-26T23:52:46.876+08:00 level=INFO msg="[cleanup] feed 21: skip, active article count within limit"
time=2026-08-26T23:52:56.300+08:00 level=INFO msg="[cleanup] feed 17: max=100, active=101"
time=2026-08-26T23:52:56.301+08:00 level=INFO msg="[cleanup] feed 17: keep=2 (favorite), archive candidates=99"
time=2026-08-26T23:52:56.302+08:00 level=INFO msg="[cleanup] feed 17: archiving 1 articles, IDs=[110471]"
time=2026-08-26T23:52:56.391+08:00 level=INFO msg="Cleaned up 4 orphaned topic tags"
time=2026-08-26T23:52:59.526+08:00 level=INFO msg="[cleanup] feed 22: max=100, active=101"
time=2026-08-26T23:52:59.529+08:00 level=INFO msg="[cleanup] feed 22: keep=1 (favorite), archive candidates=100"
time=2026-08-26T23:52:59.529+08:00 level=INFO msg="[cleanup] feed 22: archiving 1 articles, IDs=[118123]"
time=2026-08-26T23:52:59.561+08:00 level=INFO msg="Cleaned up 4 orphaned topic tags"
time=2026-08-26T23:53:01.449+08:00 level=INFO msg="[cleanup] feed 15: max=100, active=100"
time=2026-08-26T23:53:01.449+08:00 level=INFO msg="[cleanup] feed 15: skip, active article count within limit"
time=2026-08-26T23:53:02.058+08:00 level=INFO msg="[cleanup] feed 11: max=100, active=100"
time=2026-08-26T23:53:02.059+08:00 level=INFO msg="[cleanup] feed 11: skip, active article count within limit"
time=2026-08-26T23:53:02.396+08:00 level=INFO msg="findOrCreateTag: start label=\"AI 时代\" slug=\"ai 时代\" category=keyword source=llm"
time=2026-08-26T23:53:02.396+08:00 level=INFO msg="TagMatch: start label=\"AI 时代\" slug=\"ai 时代\" category=keyword threshold=0.92"
time=2026-08-26T23:53:02.397+08:00 level=INFO msg="[cleanup] feed 28: max=100, active=101"
time=2026-08-26T23:53:02.399+08:00 level=INFO msg="[cleanup] feed 28: keep=5 (favorite), archive candidates=96"
time=2026-08-26T23:53:02.399+08:00 level=INFO msg="[cleanup] feed 28: archiving 1 articles, IDs=[116975]"
time=2026-08-26T23:53:02.438+08:00 level=INFO msg="Cleaned up 2 orphaned topic tags"
time=2026-08-26T23:53:02.478+08:00 level=INFO msg="[cleanup] feed 27: max=100, active=18"
time=2026-08-26T23:53:02.480+08:00 level=INFO msg="[cleanup] feed 27: skip, active article count within limit"
time=2026-08-26T23:53:02.682+08:00 level=INFO msg="[cleanup] feed 24: max=100, active=120"
time=2026-08-26T23:53:02.684+08:00 level=INFO msg="[cleanup] feed 24: keep=2 (favorite), archive candidates=118"
time=2026-08-26T23:53:02.684+08:00 level=INFO msg="[cleanup] feed 24: archiving 20 articles, IDs=[118661 118662 118663 118664 118665 118666 118668 118667 118669 118670 118671 118672 118673 118674 118675 118676 118677 118791 118678 118679]"
time=2026-08-26T23:53:02.685+08:00 level=INFO msg="[cleanup] feed 19: max=100, active=100"
time=2026-08-26T23:53:02.686+08:00 level=INFO msg="[cleanup] feed 19: skip, active article count within limit"
time=2026-08-26T23:53:02.793+08:00 level=INFO msg="Cleaned up 47 orphaned topic tags"
time=2026-08-26T23:53:03.214+08:00 level=INFO msg="[cleanup] feed 31: max=100, active=100"
time=2026-08-26T23:53:03.214+08:00 level=INFO msg="[cleanup] feed 31: skip, active article count within limit"
time=2026-08-26T23:53:05.393+08:00 level=WARN msg="[SLOW SQL] 2383.641ms > 200ms | rows=20 | \n\t\tSELECT t.id AS tag_id, e.embedding <=> '[-0.000078,0.017953,-0.000983,-0.020332,-0.001379,0.055171,0.044334,-0.030727,0.049911,-0.018879,0.035648,-0.014528,0.012362,-0.063579,0.047592,-0.045129,0.000821,-0.032177,0.026066,-0.002063,-0.011861,0.050415,0.042433,0.072687,-0.040725,-0.019686,-0.025554,0.049910,-0.017575,0.031662,0.017888,-0.036988,0.032630,0.024663,0.010731,-0.018444,-0.015607,-0.003706,-0.020146,0.025471,0.017471,-0.035813,0.021872,0.006157,0.014681,0.002336,0.013508,-0.009238,0.009401,-0.026183,0.012750,0.003449,-0.016678,-0.019244,-0.020197,0.031766,0.075971,-0.012765,-0.002753,0.020709,-0.001072,0.000105,-0.029243,-0.015570,-0.004806,-0.018199,-0.015141,-0.039392,0.019630,0.006869,0.014472,0.007803,0.008146,0.010841,-0.001778,-0.024144,-0.007561,0.014585,0.002260,0.010210,-0.037339,-0.015017,0.005029,0.067642,0.040159,0.006900,0.020759,-0.021517,-0.029644,0.004095,-0.002401,-0.023875,-0.004121,-0.028152,0.008894,-0.002637,0.008620,-0.011910,0.006385,0.003299,-0.014398,-0.027159,0.029609,-0.005037,0.031408,-0.034339,-0.011118,-0.017815,-0.000518,-0.006481,0.001750,-0.008090,0.024306,0.017992,-0.008182,-0.026870,0.010065,0.064376,0.002570,0.061835,-0.004932,0.023908,-0.007773,-0.006726,0.011866,-0.035442,-0.021114,0.000041,0.011877,0.004416,0.031046,-0.019863,0.005849,-0.029940,0.002924,-0.012180,0.001069,0.022259,0.006889,0.016936,-0.000154,0.031970,0.012854,0.005163,-0.010457,-0.041316,0.001707,0.018257,0.011256,0.008304,0.021466,0.008058,0.024328,0.026816,-0.011311,0.011603,-0.021199,0.004171,0.009705,0.030768,-0.014130,0.004983,-0.024328,0.028866,0.006096,0.027435,0.016613,0.001246,-0.014099,-0.008603,0.011773,-0.035400,0.011197,-0.017378,-0.024857,-0.007016,-0.023623,-0.016168,-0.014552,0.000894,-0.011830,0.020440,0.034584,0.004144,0.023441,-0.002048,-0.006798,0.006583,0.010596,0.008118,-0.050672,0.026356,-0.007917,0.006721,-0.023874,-0.009565,-0.012493,-0.018575,0.031591,0.041144,0.000947,0.004096,0.005944,0.002045,0.016850,-0.002416,0.004834... [truncated]"
time=2026-08-26T23:53:05.396+08:00 level=INFO msg="TagMatch: label=\"AI 时代\" category=keyword similarity search returned totalCandidates=20 bestSimilarity=0.8739"
time=2026-08-26T23:53:05.396+08:00 level=INFO msg="TagMatch: label=\"AI 时代\" category=keyword result=no_match reason=below_low_similarity bestSimilarity=0.8739"
time=2026-08-26T23:53:05.396+08:00 level=INFO msg="findOrCreateTag: label=\"AI 时代\" category=keyword matchType=no_match"
time=2026-08-26T23:53:05.398+08:00 level=INFO msg="findOrCreateTag: label=\"AI 时代\" category=keyword fallback=create_new"
time=2026-08-26T23:53:05.857+08:00 level=ERROR msg="Error refreshing feed 26: failed to fetch feed: Get \"http://47.110.71.194:1200/juejin/category/ai\": context deadline exceeded (Client.Timeout exceeded while awaiting headers)"
time=2026-08-26T23:53:06.586+08:00 level=ERROR msg="Error refreshing feed 25: failed to fetch feed: Get \"http://47.110.71.194:1200/juejin/trending/ai/weekly\": context deadline exceeded (Client.Timeout exceeded while awaiting headers)"
time=2026-08-26T23:53:15.241+08:00 level=WARN msg="[SLOW SQL] 9555.938ms > 200ms | rows=13050 | SELECT id, merge_embedding FROM \"semantic_labels\" WHERE label_type = 'auxiliary' AND status = 'active' AND merge_embedding IS NOT NULL"
time=2026-08-26T23:53:16.461+08:00 level=WARN msg="auxiliary label dedup gate slow: label=\"AI 时代\" took=10.8940895s (>50ms), review L1/L2 (embedder/merge) performance"
time=2026-08-26T23:53:16.636+08:00 level=INFO msg="[cleanup] feed 33: max=100, active=100"
time=2026-08-26T23:53:16.637+08:00 level=INFO msg="[cleanup] feed 33: skip, active article count within limit"
time=2026-08-26T23:53:16.873+08:00 level=INFO msg="findOrCreateTag: start label=\"比尔·盖茨\" slug=\"比尔-盖茨\" category=keyword source=llm"
time=2026-08-26T23:53:16.873+08:00 level=INFO msg="TagMatch: start label=\"比尔·盖茨\" slug=\"比尔-盖茨\" category=keyword threshold=0.92"
time=2026-08-26T23:53:16.877+08:00 level=INFO msg="TagMatch: label=\"比尔·盖茨\" category=keyword result=exact reason=slug existingID=129017 existingLabel=\"比尔·盖茨\""
time=2026-08-26T23:53:16.877+08:00 level=INFO msg="findOrCreateTag: label=\"比尔·盖茨\" category=keyword matchType=exact existingID=129017 existingLabel=\"比尔·盖茨\""
time=2026-08-26T23:53:17.028+08:00 level=INFO msg="findOrCreateTag: start label=\"比尔·盖茨警告动荡的 AI 时代到来并提出治理方案\" slug=\"比尔-盖茨警告动荡的 ai 时代到来并提出治理方案\" category=event source=llm"
time=2026-08-26T23:53:17.028+08:00 level=INFO msg="TagMatch: start label=\"比尔·盖茨警告动荡的 AI 时代到来并提出治理方案\" slug=\"比尔-盖茨警告动荡的 ai 时代到来并提出治理方案\" category=event threshold=0.92"
time=2026-08-26T23:53:19.182+08:00 level=WARN msg="[SLOW SQL] 1557.916ms > 200ms | rows=20 | \n\t\tSELECT t.id AS tag_id, e.embedding <=> '[-0.000391,-0.020883,0.033796,-0.005824,-0.002769,0.041864,0.029491,0.082292,0.051759,-0.044513,0.034628,-0.047322,0.015274,-0.031847,0.073576,-0.029317,0.001247,-0.002581,0.082144,0.002021,-0.009665,0.069312,0.082807,0.054504,0.003623,0.013728,-0.031192,-0.050399,-0.001994,0.029850,-0.008555,-0.013879,0.056292,0.015454,0.008324,-0.020983,0.017914,0.000764,-0.004835,0.081526,0.015217,-0.023974,0.014359,0.013466,-0.018334,-0.004588,0.013166,-0.043851,0.005020,-0.034688,0.014612,0.001612,0.044033,-0.022668,-0.042440,-0.001414,0.120261,-0.005243,0.016404,0.003766,-0.001964,-0.007317,-0.003378,-0.015462,-0.002439,-0.017740,-0.030859,0.016960,0.013576,0.024980,-0.013190,-0.008974,-0.013149,0.018751,0.013107,-0.013062,-0.015138,0.018046,0.009174,-0.002872,-0.043567,-0.004429,0.022406,0.020299,0.038340,0.025770,0.003425,-0.014489,-0.043066,0.011154,0.002018,0.008394,0.026844,0.003655,0.007009,0.002647,0.001667,-0.010163,-0.005006,0.006403,-0.002741,-0.028326,0.051340,-0.014687,0.027580,-0.024168,-0.014331,0.016186,0.010966,0.009368,-0.006117,-0.008148,0.027690,-0.010568,-0.017097,-0.026596,-0.024491,0.040743,-0.005284,0.022798,0.005469,0.035474,0.006042,0.014907,0.003201,-0.011488,-0.008637,0.006526,0.024174,-0.001447,0.042136,-0.020427,0.003094,-0.014535,-0.024912,-0.020173,-0.010280,-0.011376,0.019145,0.019745,0.006933,0.042180,0.005891,0.005239,0.009446,-0.024472,0.002330,0.010993,0.003706,0.001914,0.025777,0.002137,0.002427,0.022737,-0.030950,0.007985,-0.025897,-0.009405,0.004122,-0.003583,-0.001352,0.002973,0.009336,0.063809,0.016664,0.009104,0.034725,-0.011158,0.006677,0.008726,0.011806,-0.039289,0.007739,-0.006124,-0.010738,-0.003013,-0.031661,-0.026403,-0.020761,-0.015703,-0.019679,-0.017189,0.019544,0.010796,0.005199,0.013868,-0.005115,0.006077,0.010728,-0.006907,-0.085103,0.031820,-0.015716,0.000278,-0.029425,-0.001649,-0.009749,-0.023228,-0.024277,0.035282,0.002968,-0.000870,0.015171,0.015205,-0.028778,-0.019316,0.00491... [truncated]"
time=2026-08-26T23:53:19.193+08:00 level=INFO msg="TagMatch: label=\"比尔·盖茨警告动荡的 AI 时代到来并提出治理方案\" category=event similarity search returned totalCandidates=20 bestSimilarity=0.8770"
time=2026-08-26T23:53:19.193+08:00 level=INFO msg="TagMatch: label=\"比尔·盖茨警告动荡的 AI 时代到来并提出治理方案\" category=event result=no_match reason=below_low_similarity bestSimilarity=0.8770"
time=2026-08-26T23:53:19.193+08:00 level=INFO msg="findOrCreateTag: label=\"比尔·盖茨警告动荡的 AI 时代到来并提出治理方案\" category=event matchType=no_match"
time=2026-08-26T23:53:19.194+08:00 level=INFO msg="findOrCreateTag: label=\"比尔·盖茨警告动荡的 AI 时代到来并提出治理方案\" category=event fallback=create_new"
time=2026-08-26T23:53:20.867+08:00 level=INFO msg="Generated description + 5 keywords for event tag 130271 (比尔·盖茨警告动荡的 AI 时代到来并提出治理方案): [比尔·盖茨 AI时代 人类保留区 征税 治理方案]"
time=2026-08-26T23:53:26.033+08:00 level=WARN msg="[SLOW SQL] 6652.649ms > 200ms | rows=13051 | SELECT id, merge_embedding FROM \"semantic_labels\" WHERE label_type = 'auxiliary' AND status = 'active' AND merge_embedding IS NOT NULL"
time=2026-08-26T23:53:27.138+08:00 level=WARN msg="auxiliary label dedup gate slow: label=\"AI 治理方案\" took=7.9292845s (>50ms), review L1/L2 (embedder/merge) performance"
time=2026-08-26T23:53:27.435+08:00 level=WARN msg="auxiliary label dedup gate slow: label=\"就业冲击\" took=151.9474ms (>50ms), review L1/L2 (embedder/merge) performance"
time=2026-08-26T23:53:34.626+08:00 level=WARN msg="[SLOW SQL] 6721.414ms > 200ms | rows=13051 | SELECT id, merge_embedding FROM \"semantic_labels\" WHERE label_type = 'auxiliary' AND status = 'active' AND merge_embedding IS NOT NULL"
time=2026-08-26T23:53:35.782+08:00 level=WARN msg="auxiliary label dedup gate slow: label=\"AI 安全风险\" took=8.0247641s (>50ms), review L1/L2 (embedder/merge) performance"
time=2026-08-26T23:53:36.254+08:00 level=INFO msg="findOrCreateTag: start label=\"盖茨基金会\" slug=\"盖茨基金会\" category=keyword source=llm"
time=2026-08-26T23:53:36.255+08:00 level=INFO msg="TagMatch: start label=\"盖茨基金会\" slug=\"盖茨基金会\" category=keyword threshold=0.92"
time=2026-08-26T23:53:38.228+08:00 level=WARN msg="[SLOW SQL] 1611.500ms > 200ms | rows=20 | \n\t\tSELECT t.id AS tag_id, e.embedding <=> '[-0.000230,0.008811,-0.005337,0.014092,-0.002659,0.033396,0.057497,0.000326,0.052823,-0.010301,0.019970,-0.003491,0.016015,-0.025826,0.006450,-0.023226,-0.003004,-0.035824,0.033095,-0.006053,-0.014164,0.054947,0.053017,0.060969,-0.022103,-0.022540,-0.028694,-0.025031,-0.005286,0.024379,0.012773,-0.034325,0.063153,-0.000632,0.009991,-0.034029,-0.005977,0.000210,-0.016401,0.041630,0.027390,-0.039394,0.024127,0.024499,0.000574,0.004531,0.009684,0.005105,-0.012073,-0.030747,0.005920,-0.006279,0.008554,-0.017964,0.006410,0.018088,0.087428,-0.005998,0.011017,0.015918,-0.003326,-0.011305,-0.020344,-0.029110,-0.005993,-0.019899,-0.052237,0.001569,0.021849,0.003228,-0.005301,-0.000915,-0.039088,0.005377,-0.025585,-0.028746,-0.016187,0.020682,-0.018979,0.012777,-0.015508,-0.002723,0.027736,0.066323,0.031604,0.029835,0.012278,-0.022811,-0.043569,-0.006700,-0.005389,0.009974,0.010104,0.005394,0.005903,0.000196,-0.006836,-0.023941,0.010147,0.005691,-0.015865,-0.039956,0.052047,-0.029214,-0.008344,-0.027892,-0.003306,0.014859,0.003543,0.001622,-0.025985,-0.006303,-0.034041,0.033334,-0.001350,-0.016422,-0.010850,0.048908,-0.001351,0.024412,-0.008930,0.016177,-0.021030,-0.003091,0.006985,-0.037473,-0.010985,-0.022603,0.041490,0.013016,0.044374,-0.008102,-0.015815,0.001599,0.002249,0.042712,-0.005751,0.004917,0.022808,-0.006713,-0.002722,0.024790,0.004394,0.010844,-0.004769,-0.039678,0.018940,0.028265,0.015274,-0.006228,0.016502,-0.002592,0.006342,0.022135,-0.026687,0.016400,-0.025525,0.022366,0.030760,-0.003304,0.004796,-0.000564,-0.025803,0.046260,0.002270,0.013878,0.013549,-0.015546,-0.008938,0.019880,0.012135,-0.026845,-0.011465,-0.018605,-0.011106,-0.001066,0.003490,-0.028999,-0.006138,0.026019,0.003641,0.014504,0.043110,0.003619,-0.002400,-0.001325,0.000956,0.020721,0.017397,-0.013329,-0.049174,0.006391,-0.000763,-0.017338,-0.025511,-0.002668,0.002646,0.002067,-0.025469,0.027955,0.006006,0.003848,0.007982,-0.011829,-0.026733,-0.001025... [truncated]"
time=2026-08-26T23:53:38.229+08:00 level=INFO msg="TagMatch: label=\"盖茨基金会\" category=keyword similarity search returned totalCandidates=20 bestSimilarity=0.8139"
time=2026-08-26T23:53:38.231+08:00 level=INFO msg="TagMatch: label=\"盖茨基金会\" category=keyword result=no_match reason=below_low_similarity bestSimilarity=0.8139"
time=2026-08-26T23:53:38.231+08:00 level=INFO msg="findOrCreateTag: label=\"盖茨基金会\" category=keyword matchType=no_match"
time=2026-08-26T23:53:38.232+08:00 level=INFO msg="findOrCreateTag: label=\"盖茨基金会\" category=keyword fallback=create_new"
time=2026-08-26T23:53:38.356+08:00 level=WARN msg="[SLOW SQL] 397.384ms > 200ms | rows=417 | SELECT board_composition.board_id, board_composition.auxiliary_label_id, auxiliary.label, auxiliary.embedding FROM \"board_composition\" JOIN semantic_labels AS board ON board.id = board_composition.board_id AND board.label_type = 'board' AND board.status = 'active' JOIN semantic_labels AS auxiliary ON auxiliary.id = board_composition.auxiliary_label_id AND auxiliary.label_type = 'auxiliary' AND auxiliary.status = 'active'"
time=2026-08-26T23:53:44.947+08:00 level=WARN msg="[SLOW SQL] 6437.077ms > 200ms | rows=13052 | SELECT id, merge_embedding FROM \"semantic_labels\" WHERE label_type = 'auxiliary' AND status = 'active' AND merge_embedding IS NOT NULL"
time=2026-08-26T23:53:45.839+08:00 level=INFO msg="Auto Refresh: triggered 0 feeds (scanned=23, due=0, stale_reset=0)"
time=2026-08-26T23:53:45.927+08:00 level=INFO msg="Content Completion: no pending content to complete"
time=2026-08-26T23:53:46.082+08:00 level=WARN msg="auxiliary label dedup gate slow: label=\"盖茨基金会\" took=7.7067008s (>50ms), review L1/L2 (embedder/merge) performance"
time=2026-08-26T23:53:46.440+08:00 level=INFO msg="Successfully tagged article 118863"
time=2026-08-26T23:53:55.077+08:00 level=INFO msg="findOrCreateTag: start label=\"乌克兰无人机袭击卢甘斯克车辆致伤亡\" slug=\"乌克兰无人机袭击卢甘斯克车辆致伤亡\" category=event source=llm"
time=2026-08-26T23:53:55.078+08:00 level=INFO msg="TagMatch: start label=\"乌克兰无人机袭击卢甘斯克车辆致伤亡\" slug=\"乌克兰无人机袭击卢甘斯克车辆致伤亡\" category=event threshold=0.92"
time=2026-08-26T23:53:55.279+08:00 level=INFO msg="findOrCreateTag: start label=\"Pinpa\" slug=\"pinpa\" category=keyword source=llm"
time=2026-08-26T23:53:55.279+08:00 level=INFO msg="TagMatch: start label=\"Pinpa\" slug=\"pinpa\" category=keyword threshold=0.92"
time=2026-08-26T23:53:55.607+08:00 level=INFO msg="findOrCreateTag: start label=\"中国安能\" slug=\"中国安能\" category=keyword source=llm"
time=2026-08-26T23:53:55.607+08:00 level=INFO msg="TagMatch: start label=\"中国安能\" slug=\"中国安能\" category=keyword threshold=0.92"
time=2026-08-26T23:53:56.902+08:00 level=WARN msg="[SLOW SQL] 1287.444ms > 200ms | rows=20 | \n\t\tSELECT t.id AS tag_id, e.embedding <=> '[-0.000164,0.012117,-0.045568,-0.023816,-0.001760,0.029579,0.090669,0.007505,0.060420,0.063375,-0.014196,-0.023825,0.015615,-0.046971,0.068824,-0.026674,-0.022486,-0.017729,0.017571,-0.004384,-0.020674,0.003635,0.040532,0.032811,-0.053913,-0.016836,-0.031062,0.109905,0.015688,0.036992,0.012313,-0.036979,0.007662,0.017475,0.006080,-0.019878,-0.000302,-0.002766,-0.041471,-0.016034,0.012525,-0.021578,0.054085,0.017567,0.000765,0.014219,0.014535,-0.002330,0.008445,-0.029365,0.004287,0.000946,-0.015929,-0.027999,0.009494,-0.006513,0.091538,-0.017305,-0.015997,0.016345,-0.002140,0.014969,-0.030327,-0.027352,-0.002214,-0.024469,-0.014510,-0.006095,0.025618,0.005839,0.003042,-0.005795,-0.007391,0.011522,0.003583,-0.035455,-0.010353,0.027387,-0.004865,0.021096,-0.013610,0.004199,0.028399,0.037265,0.027981,0.019126,0.016749,-0.013863,-0.052023,0.020241,0.004426,0.001252,0.015094,-0.008831,0.005007,-0.011823,0.005686,-0.008907,-0.018643,0.008997,-0.008924,-0.031552,0.014440,0.003903,0.029815,-0.010333,-0.000244,0.004730,-0.000258,-0.017586,-0.006520,0.013325,0.000292,0.014760,-0.007932,-0.018089,0.042658,0.055592,-0.003042,0.043327,-0.004560,0.003695,-0.015634,0.037279,0.015659,-0.025157,-0.012235,0.007953,0.011496,0.014449,0.038398,0.001479,-0.018997,-0.024479,0.019192,-0.006163,-0.016583,0.001326,0.004019,0.012883,-0.003709,0.026395,0.002719,0.014423,-0.004961,-0.047097,-0.011499,0.005532,0.019058,0.009003,0.016480,-0.013664,0.006526,0.026876,-0.000602,0.004627,-0.023611,0.012154,0.023462,0.012661,-0.015632,0.025412,-0.008555,0.063487,0.033127,0.024302,0.023591,0.004171,0.003531,-0.020444,0.021185,-0.027834,-0.005429,-0.002946,-0.007363,-0.009187,-0.004086,-0.020281,-0.010433,0.028092,0.001770,-0.013297,0.018491,0.010730,-0.009677,0.006454,0.000635,0.004999,0.006962,-0.012086,-0.046131,0.008034,0.001079,0.001000,-0.023161,-0.016921,-0.014360,-0.013457,-0.012894,0.031337,-0.006929,0.038296,-0.010100,-0.031661,0.031007,-0.005907,0.006... [truncated]"
time=2026-08-26T23:53:56.903+08:00 level=INFO msg="TagMatch: label=\"Pinpa\" category=keyword similarity search returned totalCandidates=20 bestSimilarity=0.8181"
time=2026-08-26T23:53:56.904+08:00 level=INFO msg="TagMatch: label=\"Pinpa\" category=keyword result=no_match reason=below_low_similarity bestSimilarity=0.8181"
time=2026-08-26T23:53:56.906+08:00 level=INFO msg="findOrCreateTag: label=\"Pinpa\" category=keyword matchType=no_match"
time=2026-08-26T23:53:56.907+08:00 level=INFO msg="findOrCreateTag: label=\"Pinpa\" category=keyword fallback=create_new"
time=2026-08-26T23:53:57.286+08:00 level=WARN msg="[SLOW SQL] 1412.684ms > 200ms | rows=20 | \n\t\tSELECT t.id AS tag_id, e.embedding <=> '[0.000048,-0.008559,-0.039580,-0.053573,-0.000564,0.054953,0.008485,-0.004886,0.054451,0.013202,0.014239,0.028646,0.011097,-0.001143,0.031651,0.020356,-0.019906,-0.008400,0.006946,0.003579,-0.019934,0.044951,0.041198,0.008971,-0.014900,0.011618,-0.023170,-0.025220,0.031009,0.056221,-0.080685,-0.017926,0.037258,0.018292,0.003648,-0.016060,0.013836,0.004296,-0.016415,0.024852,0.020469,-0.033156,0.046068,-0.009783,0.001685,0.003039,-0.000240,-0.020639,-0.009457,-0.030061,0.009323,0.001795,0.004738,-0.001828,0.016940,-0.033038,0.087035,-0.001082,-0.016588,-0.010120,-0.011837,-0.014886,-0.018349,-0.010089,-0.008179,-0.007827,-0.053858,0.028919,0.008273,-0.003360,0.017957,-0.060355,-0.017356,0.021148,0.014368,-0.011263,-0.003855,0.028884,0.018529,0.017973,-0.012325,0.017377,0.027464,0.008731,0.032410,-0.023196,0.006046,0.001104,-0.047949,0.020275,-0.011800,-0.004829,0.020627,-0.018367,0.012007,0.002079,-0.004499,-0.007025,0.006557,-0.004298,-0.006639,-0.027310,0.011155,-0.023253,0.021180,-0.017945,-0.010131,0.025349,0.000291,0.023073,-0.011710,0.013237,-0.008645,-0.010651,-0.000467,-0.009599,-0.008993,0.027506,-0.012471,0.025973,0.004977,0.013714,-0.005167,0.005027,-0.005128,-0.029761,-0.004807,-0.018832,-0.032438,0.059079,0.002245,0.015119,0.007941,-0.019284,-0.006494,-0.008377,-0.007365,-0.001268,-0.013070,-0.009098,-0.005497,0.012352,0.001272,-0.009009,-0.035149,-0.017534,0.004484,-0.007481,0.031299,0.000605,0.018132,0.000481,0.011526,0.018990,-0.008862,0.013678,-0.028704,-0.031238,-0.006165,-0.003944,-0.025439,0.010813,0.012947,0.048314,0.012725,0.009036,0.024223,0.000236,0.005376,-0.034869,-0.000439,-0.022156,0.005046,-0.003275,-0.015326,-0.010070,-0.002980,-0.031999,0.003873,-0.019549,0.010723,-0.045937,0.005259,-0.002816,0.008514,-0.013727,-0.002367,0.017491,0.024316,-0.013060,-0.040268,-0.008653,0.004012,-0.005361,-0.001450,-0.028649,-0.004280,-0.011283,0.006003,0.000662,0.009423,-0.019859,0.034584,-0.002077,-0.022566,0.0... [truncated]"
time=2026-08-26T23:53:57.288+08:00 level=INFO msg="TagMatch: label=\"乌克兰无人机袭击卢甘斯克车辆致伤亡\" category=event similarity search returned totalCandidates=20 bestSimilarity=0.7656"
time=2026-08-26T23:53:57.288+08:00 level=INFO msg="TagMatch: label=\"乌克兰无人机袭击卢甘斯克车辆致伤亡\" category=event result=no_match reason=below_low_similarity bestSimilarity=0.7656"
time=2026-08-26T23:53:57.288+08:00 level=INFO msg="findOrCreateTag: label=\"乌克兰无人机袭击卢甘斯克车辆致伤亡\" category=event matchType=no_match"
time=2026-08-26T23:53:57.289+08:00 level=INFO msg="findOrCreateTag: label=\"乌克兰无人机袭击卢甘斯克车辆致伤亡\" category=event fallback=create_new"
time=2026-08-26T23:53:57.347+08:00 level=WARN msg="[SLOW SQL] 1370.481ms > 200ms | rows=20 | \n\t\tSELECT t.id AS tag_id, e.embedding <=> '[-0.000154,0.024231,-0.057435,-0.015030,-0.002012,0.038970,0.039993,0.023152,0.050203,-0.036094,-0.014783,-0.024387,0.017219,-0.017843,-0.007562,-0.030188,0.016151,-0.033540,0.009528,-0.002453,-0.014821,0.043146,0.022174,0.030252,-0.080820,0.002330,-0.024791,-0.029013,-0.018435,0.066354,-0.009923,-0.045466,0.018856,-0.007867,0.004718,-0.003889,0.014911,0.003155,-0.007136,0.048617,0.013906,-0.019044,0.034560,0.012143,-0.034452,0.024030,-0.001409,0.017027,0.004860,-0.022746,0.004898,0.008996,0.015389,-0.019489,0.001416,0.016074,0.099468,-0.010477,-0.000870,0.044678,-0.003576,-0.016994,-0.014369,-0.017485,-0.000899,-0.019460,0.002218,0.001855,0.024628,-0.008554,0.018417,0.001030,0.006371,0.011810,-0.023807,-0.023814,-0.016446,0.015861,-0.015818,-0.000396,-0.022537,0.007376,0.000842,0.010354,0.035631,0.002252,-0.005824,-0.009816,-0.032033,-0.000398,-0.003337,-0.048938,0.020803,-0.022612,0.008103,-0.014464,0.025911,-0.000821,0.012542,-0.006761,-0.009622,-0.028955,0.033104,0.001309,0.004706,-0.018409,-0.018679,0.010186,0.002641,0.002592,0.007385,0.028050,-0.031468,-0.004301,0.005365,-0.031235,0.010622,0.023310,-0.005301,0.027833,0.008307,0.008210,-0.015521,-0.032520,0.012675,-0.026440,-0.002702,0.040071,0.031142,0.002808,0.072189,-0.028545,0.003500,-0.027131,0.002435,0.009507,0.019685,0.020352,-0.018256,-0.011890,-0.005108,0.035253,-0.003479,0.014638,-0.036853,-0.047253,-0.018431,0.022355,0.008046,0.024954,0.017406,0.028694,0.008780,0.039908,0.013100,0.021230,-0.013650,-0.010716,-0.006768,0.015752,-0.044627,-0.004063,-0.012613,0.020025,0.001695,0.000857,-0.010394,-0.006456,0.001758,-0.005949,0.031154,-0.021612,-0.001937,-0.006023,-0.014902,-0.010985,-0.023192,-0.014051,-0.000198,0.018728,0.003589,0.013850,0.004107,0.012533,0.032595,-0.008910,0.006563,0.003581,0.033672,0.006324,-0.020118,0.007432,-0.003826,-0.002664,-0.017148,-0.016216,0.004671,-0.025810,0.015449,0.025760,0.009811,0.023037,0.033710,-0.021536,0.022480,0.009259,-0.0... [truncated]"
time=2026-08-26T23:53:57.348+08:00 level=INFO msg="TagMatch: label=\"中国安能\" category=keyword similarity search returned totalCandidates=20 bestSimilarity=0.8206"
time=2026-08-26T23:53:57.348+08:00 level=INFO msg="TagMatch: label=\"中国安能\" category=keyword result=no_match reason=below_low_similarity bestSimilarity=0.8206"
time=2026-08-26T23:53:57.349+08:00 level=INFO msg="findOrCreateTag: label=\"中国安能\" category=keyword matchType=no_match"
time=2026-08-26T23:53:57.350+08:00 level=INFO msg="findOrCreateTag: label=\"中国安能\" category=keyword fallback=create_new"
time=2026-08-26T23:53:58.705+08:00 level=INFO msg="Generated description + 5 keywords for event tag 130274 (乌克兰无人机袭击卢甘斯克车辆致伤亡): [乌克兰 卢甘斯克 无人机 袭击 车辆]"
time=2026-08-26T23:54:04.587+08:00 level=WARN msg="[SLOW SQL] 7331.222ms > 200ms | rows=13053 | SELECT id, merge_embedding FROM \"semantic_labels\" WHERE label_type = 'auxiliary' AND status = 'active' AND merge_embedding IS NOT NULL"
time=2026-08-26T23:54:05.747+08:00 level=WARN msg="auxiliary label dedup gate slow: label=\"Pinpa\" took=8.6375865s (>50ms), review L1/L2 (embedder/merge) performance"
time=2026-08-26T23:54:05.882+08:00 level=WARN msg="auxiliary label dedup gate slow: label=\"中国安能\" took=166.9496ms (>50ms), review L1/L2 (embedder/merge) performance"
time=2026-08-26T23:54:05.906+08:00 level=INFO msg="findOrCreateTag: start label=\"动力舟桥\" slug=\"动力舟桥\" category=keyword source=llm"
time=2026-08-26T23:54:05.906+08:00 level=INFO msg="TagMatch: start label=\"动力舟桥\" slug=\"动力舟桥\" category=keyword threshold=0.92"
time=2026-08-26T23:54:06.306+08:00 level=WARN msg="auxiliary label dedup gate slow: label=\"乌克兰武装部队\" took=590.6269ms (>50ms), review L1/L2 (embedder/merge) performance"
time=2026-08-26T23:54:06.315+08:00 level=INFO msg="Successfully tagged article 118865"
time=2026-08-26T23:54:06.920+08:00 level=WARN msg="[SLOW SQL] 226.946ms > 200ms | rows=14453 | SELECT id, label, slug, label_type, aliases, ref_count, description, status, protected, source, display_order, created_at, updated_at FROM \"semantic_labels\" WHERE label_type = 'auxiliary' AND status = 'active'"
time=2026-08-26T23:54:08.617+08:00 level=WARN msg="[SLOW SQL] 2203.290ms > 200ms | rows=20 | \n\t\tSELECT t.id AS tag_id, e.embedding <=> '[-0.000147,-0.022956,-0.078184,-0.032342,-0.001802,0.048826,0.058341,-0.000542,0.056930,-0.032975,0.011567,-0.005563,0.013632,-0.057345,0.046671,-0.019890,-0.018161,-0.050350,0.020094,-0.000843,-0.023840,0.025675,0.019155,0.036856,-0.061300,-0.033589,-0.026394,0.024275,-0.011893,0.002901,-0.009124,-0.031386,0.024805,0.022976,0.004774,-0.014380,0.025756,-0.006963,-0.033817,0.044359,0.027995,-0.026224,0.030192,0.008797,0.007196,0.018885,0.004559,-0.009462,-0.011396,-0.016271,0.005504,0.000789,-0.001104,-0.016330,0.013586,-0.013012,0.112031,-0.007529,0.008597,0.017752,-0.000789,-0.010135,-0.038354,-0.031304,-0.000878,-0.017956,-0.007586,0.000045,0.021421,0.009451,0.046554,-0.009544,-0.016719,0.018048,0.011116,-0.020651,-0.008721,0.026986,-0.036546,-0.000277,-0.008239,0.001961,0.015197,0.035466,0.002845,0.027782,0.007277,-0.013926,-0.037625,0.001252,-0.002997,-0.058374,0.019339,-0.002534,0.002227,-0.013534,-0.002071,-0.008764,-0.001970,0.003171,0.005051,-0.023357,0.016339,-0.022301,0.007462,-0.023052,-0.019593,0.002920,-0.010564,0.022465,-0.004183,0.013192,-0.037225,0.004571,-0.012564,-0.013310,0.009924,0.014949,0.007703,0.089083,0.006774,0.016695,0.003630,0.013919,0.011634,-0.017400,0.003661,-0.002837,-0.006140,0.029803,0.034318,-0.005154,0.017994,-0.007515,0.039886,0.000222,0.003964,-0.012524,0.016644,-0.006100,-0.001731,0.015826,0.011034,-0.006659,0.000287,-0.036006,0.002074,0.003097,0.020869,-0.002177,0.002863,-0.003257,0.019029,0.020493,-0.006955,0.019260,-0.025188,0.017493,0.012323,0.003165,-0.011034,-0.004490,0.002696,0.046985,-0.009899,-0.001275,0.026691,-0.003448,0.027913,-0.006064,0.023799,-0.036096,-0.004613,-0.018476,-0.018028,-0.000729,-0.002103,0.016774,0.000182,0.018788,-0.007378,0.024774,0.040302,0.021509,0.003061,0.009702,0.022327,0.018251,0.005708,0.000547,-0.075309,-0.023488,0.000769,0.003559,-0.018964,-0.010653,-0.016974,-0.008999,0.018330,0.050804,0.009405,0.028052,0.015248,-0.004847,-0.001817,-0.001726,0.0... [truncated]"
time=2026-08-26T23:54:08.619+08:00 level=INFO msg="TagMatch: label=\"动力舟桥\" category=keyword similarity search returned totalCandidates=20 bestSimilarity=0.7777"
time=2026-08-26T23:54:08.619+08:00 level=INFO msg="TagMatch: label=\"动力舟桥\" category=keyword result=no_match reason=below_low_similarity bestSimilarity=0.7777"
time=2026-08-26T23:54:08.619+08:00 level=INFO msg="findOrCreateTag: label=\"动力舟桥\" category=keyword matchType=no_match"
time=2026-08-26T23:54:08.620+08:00 level=INFO msg="findOrCreateTag: label=\"动力舟桥\" category=keyword fallback=create_new"
time=2026-08-26T23:54:09.793+08:00 level=INFO msg="findOrCreateTag: start label=\"10年期国债收益率\" slug=\"10年期国债收益率\" category=keyword source=llm"
time=2026-08-26T23:54:09.793+08:00 level=INFO msg="TagMatch: start label=\"10年期国债收益率\" slug=\"10年期国债收益率\" category=keyword threshold=0.92"
time=2026-08-26T23:54:11.753+08:00 level=WARN msg="[SLOW SQL] 1751.578ms > 200ms | rows=20 | \n\t\tSELECT t.id AS tag_id, e.embedding <=> '[-0.000270,-0.009998,0.049892,-0.026001,-0.002630,0.057792,0.042262,-0.003293,0.043573,0.075205,-0.020483,-0.026991,0.008502,-0.043642,0.044642,-0.021412,0.028498,-0.021554,0.053674,-0.003231,-0.014718,0.075787,0.036618,0.021670,-0.079232,-0.010751,-0.026009,0.018085,-0.001894,0.026903,-0.010094,-0.022669,0.080410,0.006310,0.006808,-0.010457,-0.009769,-0.003602,0.015158,0.031303,0.028947,-0.009389,0.001032,0.006363,-0.001034,0.001401,0.006037,-0.003412,0.001249,-0.010702,0.005117,0.000504,-0.027898,-0.011790,-0.030716,-0.024447,0.094633,-0.008573,0.012051,0.016638,-0.004948,-0.012481,-0.018028,-0.003885,-0.006737,-0.021525,-0.030375,-0.061546,0.014343,-0.010199,0.000237,-0.023516,-0.003327,0.003077,0.016130,-0.018643,-0.009871,0.018769,-0.014862,0.015607,-0.035554,0.010465,0.020894,0.035523,0.043871,0.010712,0.005133,-0.005699,-0.027730,-0.013603,0.006007,0.019176,0.016934,0.008555,0.006546,-0.014128,0.011804,-0.006677,-0.019166,-0.003293,-0.006173,-0.017947,-0.001267,-0.007846,0.008930,-0.019334,-0.022181,-0.009517,0.005419,-0.005876,0.001131,-0.008267,-0.022543,0.012868,-0.032650,-0.007248,0.022076,0.011659,-0.011529,-0.041852,-0.005936,0.013449,-0.017169,0.027461,0.013055,-0.008724,-0.019070,0.013537,0.040482,0.021009,0.025204,-0.012642,-0.014853,-0.024535,-0.002896,0.015826,-0.021483,0.019601,0.007502,-0.009558,-0.018143,0.020588,-0.001636,-0.008500,-0.018145,-0.006435,0.000652,0.014699,0.011037,0.005624,0.014309,0.031421,0.016586,0.024402,0.000227,0.008215,-0.015591,0.004912,-0.016043,0.008044,-0.008969,0.011752,-0.044994,0.048230,0.001912,0.013176,-0.004681,-0.023632,-0.005179,0.009268,0.001177,0.005940,-0.005912,-0.008358,-0.016770,0.006407,-0.011996,-0.027968,-0.000383,0.032045,-0.010847,0.004963,0.041587,-0.005395,0.006233,0.006054,0.009172,0.016424,0.021393,-0.004256,-0.062708,0.006170,-0.006213,-0.007261,-0.020717,-0.002021,-0.005100,0.002980,-0.014582,0.031530,-0.007845,0.024067,0.012904,0.007173,0.018722,-0.011... [truncated]"
time=2026-08-26T23:54:11.754+08:00 level=INFO msg="TagMatch: label=\"10年期国债收益率\" category=keyword similarity search returned totalCandidates=20 bestSimilarity=0.9012"
time=2026-08-26T23:54:11.754+08:00 level=INFO msg="TagMatch: label=\"10年期国债收益率\" category=keyword result=no_match reason=below_low_similarity bestSimilarity=0.9012"
time=2026-08-26T23:54:11.754+08:00 level=INFO msg="findOrCreateTag: label=\"10年期国债收益率\" category=keyword matchType=no_match"
time=2026-08-26T23:54:11.755+08:00 level=INFO msg="findOrCreateTag: label=\"10年期国债收益率\" category=keyword fallback=create_new"
time=2026-08-26T23:54:14.963+08:00 level=WARN msg="[SLOW SQL] 7798.820ms > 200ms | rows=13054 | SELECT id, merge_embedding FROM \"semantic_labels\" WHERE label_type = 'auxiliary' AND status = 'active' AND merge_embedding IS NOT NULL"
time=2026-08-26T23:54:16.147+08:00 level=INFO msg="findOrCreateTag: start label=\"30年期国债收益率\" slug=\"30年期国债收益率\" category=keyword source=llm"
time=2026-08-26T23:54:16.148+08:00 level=INFO msg="TagMatch: start label=\"30年期国债收益率\" slug=\"30年期国债收益率\" category=keyword threshold=0.92"
time=2026-08-26T23:54:16.161+08:00 level=WARN msg="auxiliary label dedup gate slow: label=\"卢甘斯克地区\" took=9.2416504s (>50ms), review L1/L2 (embedder/merge) performance"
time=2026-08-26T23:54:16.287+08:00 level=WARN msg="auxiliary label dedup gate slow: label=\"动力舟桥\" took=158.6656ms (>50ms), review L1/L2 (embedder/merge) performance"
time=2026-08-26T23:54:17.369+08:00 level=INFO msg="findOrCreateTag: start label=\"崇左市\" slug=\"崇左市\" category=keyword source=llm"
time=2026-08-26T23:54:17.370+08:00 level=INFO msg="TagMatch: start label=\"崇左市\" slug=\"崇左市\" category=keyword threshold=0.92"
time=2026-08-26T23:54:19.104+08:00 level=WARN msg="[SLOW SQL] 1754.140ms > 200ms | rows=20 | \n\t\tSELECT t.id AS tag_id, e.embedding <=> '[-0.000209,0.001114,0.048456,-0.008170,-0.002189,0.053216,0.044338,0.013479,0.049784,0.049968,-0.023558,-0.011540,0.012331,-0.044384,0.049441,-0.023566,0.018580,-0.014900,0.053712,-0.003838,-0.015060,0.069821,0.037128,0.011939,-0.070966,-0.023641,-0.029944,0.024304,-0.023176,0.033505,-0.000429,-0.022537,0.069157,0.008623,0.006384,-0.016970,-0.008588,-0.003183,0.007618,0.022393,0.020100,-0.020220,0.016583,0.012203,0.009285,0.003601,0.010254,-0.021131,-0.006680,-0.012700,0.006937,-0.000912,-0.038275,-0.011528,-0.032377,-0.038684,0.101223,-0.005421,0.004531,0.011878,-0.009348,-0.018574,-0.018181,0.000696,-0.007181,-0.020803,-0.039525,-0.060129,0.015605,-0.010161,0.005438,-0.029760,-0.009195,0.011397,0.006755,-0.018974,-0.010797,0.020015,-0.029975,0.023726,-0.043361,-0.004394,0.030669,0.023034,0.029584,0.013086,0.011928,-0.016580,-0.005176,-0.017288,0.007090,0.006990,0.005963,0.007036,0.003038,-0.015025,-0.003534,-0.009523,-0.021241,-0.004622,0.000792,-0.010853,0.009922,-0.019879,0.014707,-0.020285,-0.015532,-0.010065,-0.004215,-0.001182,-0.009904,-0.002650,0.000935,0.026806,-0.035237,-0.011040,0.019221,0.030823,-0.000609,-0.030236,-0.004048,0.006186,-0.011185,0.018309,0.011973,-0.018510,-0.020765,0.008406,0.028542,0.022932,0.019655,-0.024106,-0.009670,-0.018882,-0.000023,0.006955,-0.018396,0.025378,0.024490,0.008753,-0.011810,0.024741,-0.002969,-0.006258,-0.005126,0.003849,0.013739,0.033109,0.003491,0.004529,0.001071,0.010861,0.012433,0.023994,-0.010679,0.004627,-0.016162,0.019575,-0.009999,0.004965,-0.017090,0.009798,-0.040137,0.046343,0.003341,-0.005528,-0.014009,-0.013677,0.005965,0.016922,0.006400,-0.005494,-0.005838,-0.007413,-0.020680,-0.002318,-0.008220,-0.013088,0.002820,0.037848,0.004361,0.007137,0.029906,0.000911,0.006192,0.001789,-0.000492,0.012215,0.024476,-0.009480,-0.066595,0.007682,-0.013854,-0.014886,-0.013973,0.003408,-0.003210,-0.014765,-0.024827,0.020969,-0.002227,0.022623,0.009252,-0.001170,-0.000330,-0.016... [truncated]"
time=2026-08-26T23:54:19.105+08:00 level=INFO msg="TagMatch: label=\"30年期国债收益率\" category=keyword similarity search returned totalCandidates=20 bestSimilarity=0.8916"
time=2026-08-26T23:54:19.105+08:00 level=INFO msg="TagMatch: label=\"30年期国债收益率\" category=keyword result=no_match reason=below_low_similarity bestSimilarity=0.8916"
time=2026-08-26T23:54:19.106+08:00 level=INFO msg="findOrCreateTag: label=\"30年期国债收益率\" category=keyword matchType=no_match"
time=2026-08-26T23:54:19.108+08:00 level=INFO msg="findOrCreateTag: label=\"30年期国债收益率\" category=keyword fallback=create_new"
time=2026-08-26T23:54:19.579+08:00 level=WARN msg="[SLOW SQL] 1730.263ms > 200ms | rows=20 | \n\t\tSELECT t.id AS tag_id, e.embedding <=> '[-0.000031,0.038072,-0.033942,-0.001013,-0.001294,0.040706,0.042422,-0.014860,0.046911,0.033644,0.015865,0.006292,0.010437,0.037190,0.045211,0.009526,0.010979,-0.029242,0.029355,-0.005333,-0.009898,-0.018680,0.018065,0.029380,-0.073335,-0.025037,-0.027795,0.018208,-0.023574,0.033711,-0.027587,-0.057636,0.022344,0.023140,0.003099,-0.024706,-0.002239,0.000496,-0.008556,0.005750,0.025940,-0.011929,0.015384,0.010099,0.002527,0.009290,0.004522,0.025255,-0.001667,-0.003972,0.002808,-0.004064,-0.044782,-0.014745,0.002462,0.002278,0.064227,-0.009647,-0.015152,0.061201,-0.004927,0.018816,-0.026049,-0.010693,-0.005896,0.000471,-0.021305,0.008551,0.017042,-0.004761,0.001395,-0.036297,-0.021053,0.015201,-0.012986,-0.016342,-0.004027,0.006709,-0.008206,0.011157,-0.032083,0.006615,0.024843,0.006820,0.022995,0.017382,-0.005497,-0.008967,-0.034550,0.010551,-0.012435,-0.054327,0.018900,-0.001193,0.007787,-0.006820,-0.003311,0.002404,-0.001049,0.001334,-0.003351,-0.023079,0.026627,-0.031544,0.025956,-0.007067,-0.028883,-0.033643,0.003684,0.011392,-0.009807,0.024682,-0.011641,-0.002653,-0.000338,-0.019370,0.030246,0.059067,0.006150,0.013966,0.006593,0.012688,-0.005705,0.032769,-0.014202,-0.027131,0.006965,-0.040872,0.003956,0.021550,0.040166,-0.009293,-0.009620,-0.010147,0.039810,0.033978,0.012018,0.008287,-0.014727,-0.025210,-0.004555,0.023617,0.010046,-0.015919,-0.018516,-0.016801,-0.022523,0.027530,-0.004539,-0.011822,0.018349,0.019680,0.029521,0.025488,0.017696,0.006742,-0.024371,-0.018394,-0.027998,0.005409,-0.016152,0.014424,-0.040272,-0.005162,0.005333,0.028307,-0.001013,0.030187,0.018998,-0.073414,0.011968,-0.018804,-0.016396,-0.025675,-0.020655,0.000964,0.001286,-0.021264,-0.003963,-0.008758,0.015972,-0.004999,-0.000242,-0.003329,0.002495,-0.000748,0.002591,0.013570,0.019278,-0.016279,-0.020792,0.028262,0.014184,-0.022120,-0.010452,-0.018675,0.009142,-0.013252,-0.013491,0.046775,-0.005020,-0.024139,0.009600,0.007571,0.002307,-0.00590... [truncated]"
time=2026-08-26T23:54:19.582+08:00 level=INFO msg="TagMatch: label=\"崇左市\" category=keyword similarity search returned totalCandidates=20 bestSimilarity=0.6634"
time=2026-08-26T23:54:19.582+08:00 level=INFO msg="TagMatch: label=\"崇左市\" category=keyword result=no_match reason=below_low_similarity bestSimilarity=0.6634"
time=2026-08-26T23:54:19.584+08:00 level=INFO msg="findOrCreateTag: label=\"崇左市\" category=keyword matchType=no_match"
time=2026-08-26T23:54:19.586+08:00 level=INFO msg="findOrCreateTag: label=\"崇左市\" category=keyword fallback=create_new"
time=2026-08-26T23:54:26.164+08:00 level=WARN msg="[SLOW SQL] 8554.984ms > 200ms | rows=13056 | SELECT id, merge_embedding FROM \"semantic_labels\" WHERE label_type = 'auxiliary' AND status = 'active' AND merge_embedding IS NOT NULL"
time=2026-08-26T23:54:27.371+08:00 level=WARN msg="auxiliary label dedup gate slow: label=\"帕谢奇尼克\" took=10.5633175s (>50ms), review L1/L2 (embedder/merge) performance"
time=2026-08-26T23:54:27.562+08:00 level=INFO msg="findOrCreateTag: start label=\"两年期国债收益率\" slug=\"两年期国债收益率\" category=keyword source=llm"
time=2026-08-26T23:54:27.562+08:00 level=INFO msg="TagMatch: start label=\"两年期国债收益率\" slug=\"两年期国债收益率\" category=keyword threshold=0.92"
time=2026-08-26T23:54:30.082+08:00 level=WARN msg="[SLOW SQL] 1820.981ms > 200ms | rows=20 | \n\t\tSELECT t.id AS tag_id, e.embedding <=> '[-0.000089,0.002437,0.056451,-0.012064,-0.001277,0.047269,0.035481,-0.016399,0.047103,0.038007,-0.022850,-0.046863,0.011348,-0.050116,0.036857,-0.009652,0.017700,-0.016892,0.039184,-0.004051,-0.013469,0.080609,0.024425,0.010780,-0.070017,-0.024712,-0.028481,-0.008204,-0.007284,0.010979,-0.008533,-0.020858,0.028446,-0.000392,0.007288,-0.009460,0.000611,-0.002808,0.001495,0.038642,0.026240,-0.010456,0.023626,0.002314,-0.011112,0.019104,0.004508,0.005094,-0.016500,-0.013828,0.010182,0.002667,-0.044665,-0.007216,-0.034412,-0.046423,0.073110,-0.001176,0.012157,0.009074,-0.008445,-0.002957,-0.031133,-0.011046,-0.008371,-0.018289,-0.032648,-0.017508,0.012763,-0.007920,0.010253,0.007953,0.001616,0.017697,0.016229,-0.016001,-0.011101,0.005305,-0.013438,0.026861,-0.030005,0.001900,0.022164,0.040505,0.030697,0.007221,0.032094,-0.004881,-0.005936,0.001336,0.001452,0.010206,0.012917,0.013585,0.002418,-0.023981,0.002248,-0.014757,-0.007973,-0.003357,-0.009125,-0.004512,-0.008998,-0.020482,-0.003393,-0.017148,-0.023182,-0.003282,0.004327,-0.004755,-0.014842,0.013070,0.005871,0.000173,-0.030543,-0.005294,0.037162,0.011266,0.004766,-0.019650,-0.011190,0.019280,-0.002357,0.021332,0.009433,-0.000550,-0.020519,0.006980,0.015518,0.030511,0.044529,-0.013853,-0.004927,-0.026332,0.014252,0.018313,-0.029493,0.014740,0.038022,0.002001,-0.015319,0.017902,-0.000317,-0.007746,-0.000336,0.004485,0.015274,0.021888,-0.000414,0.001112,0.013289,0.024032,0.000151,0.021211,-0.007317,-0.004722,-0.011972,-0.000106,-0.004478,-0.000005,-0.018280,0.009034,-0.050132,0.061104,0.011031,0.000458,0.014360,-0.012769,-0.003886,0.003568,-0.002544,-0.019221,-0.015531,-0.007666,-0.034733,-0.008640,-0.023365,-0.008277,0.002651,0.017037,-0.008942,0.005973,0.050976,-0.008979,0.016467,-0.000315,-0.002424,0.012345,0.015159,-0.004008,-0.044500,0.008990,-0.004661,-0.013310,-0.026467,-0.005847,-0.013496,-0.031243,-0.032627,0.037099,0.008880,0.021636,-0.005775,0.007338,0.017546,-0.0... [truncated]"
time=2026-08-26T23:54:30.083+08:00 level=INFO msg="TagMatch: label=\"两年期国债收益率\" category=keyword similarity search returned totalCandidates=20 bestSimilarity=0.8137"
time=2026-08-26T23:54:30.084+08:00 level=INFO msg="TagMatch: label=\"两年期国债收益率\" category=keyword result=no_match reason=below_low_similarity bestSimilarity=0.8137"
time=2026-08-26T23:54:30.084+08:00 level=INFO msg="findOrCreateTag: label=\"两年期国债收益率\" category=keyword matchType=no_match"
time=2026-08-26T23:54:30.085+08:00 level=INFO msg="findOrCreateTag: label=\"两年期国债收益率\" category=keyword fallback=create_new"
time=2026-08-26T23:54:35.342+08:00 level=WARN msg="[SLOW SQL] 7417.148ms > 200ms | rows=13054 | SELECT id, merge_embedding FROM \"semantic_labels\" WHERE label_type = 'auxiliary' AND status = 'active' AND merge_embedding IS NOT NULL"
time=2026-08-26T23:54:36.504+08:00 level=WARN msg="auxiliary label dedup gate slow: label=\"无人机袭击\" took=8.619068s (>50ms), review L1/L2 (embedder/merge) performance"
time=2026-08-26T23:54:36.504+08:00 level=WARN msg="auxiliary label dedup gate slow: label=\"崇左市\" took=8.9696486s (>50ms), review L1/L2 (embedder/merge) performance"
time=2026-08-26T23:54:36.663+08:00 level=WARN msg="auxiliary label dedup gate slow: label=\"两年期国债收益率\" took=191.4275ms (>50ms), review L1/L2 (embedder/merge) performance"
time=2026-08-26T23:54:37.238+08:00 level=INFO msg="findOrCreateTag: start label=\"广西崇左抗洪抢险行动\" slug=\"广西崇左抗洪抢险行动\" category=event source=llm"
time=2026-08-26T23:54:37.238+08:00 level=INFO msg="TagMatch: start label=\"广西崇左抗洪抢险行动\" slug=\"广西崇左抗洪抢险行动\" category=event threshold=0.92"
time=2026-08-26T23:54:37.360+08:00 level=WARN msg="[SLOW SQL] 204.257ms > 200ms | rows=14457 | SELECT id, label, slug, label_type, aliases, ref_count, description, status, protected, source, display_order, created_at, updated_at FROM \"semantic_labels\" WHERE label_type = 'auxiliary' AND status = 'active'"
time=2026-08-26T23:54:37.515+08:00 level=INFO msg="findOrCreateTag: start label=\"英国10年期国债收益率显著上涨\" slug=\"英国10年期国债收益率显著上涨\" category=event source=llm"
time=2026-08-26T23:54:37.516+08:00 level=INFO msg="TagMatch: start label=\"英国10年期国债收益率显著上涨\" slug=\"英国10年期国债收益率显著上涨\" category=event threshold=0.92"
time=2026-08-26T23:54:39.568+08:00 level=WARN msg="[SLOW SQL] 1512.451ms > 200ms | rows=20 | \n\t\tSELECT t.id AS tag_id, e.embedding <=> '[-0.000005,-0.018791,-0.031193,-0.012567,-0.001174,0.039659,0.014984,0.040944,0.060657,-0.060091,0.023872,-0.013597,0.017017,0.022364,0.051603,-0.007601,-0.022176,-0.020624,0.006775,-0.002660,-0.015591,0.034434,0.057444,-0.017894,-0.057254,-0.029447,-0.031788,-0.015139,0.016447,0.052256,-0.055681,-0.029887,-0.008407,0.022675,0.004600,-0.014272,0.005718,0.003118,-0.019663,0.031311,0.020830,-0.015608,0.019878,0.004905,-0.033397,0.002047,0.001948,-0.016274,0.008082,-0.021427,0.004399,0.001176,-0.004000,-0.006932,-0.001625,-0.026516,0.100718,-0.004780,0.001037,0.006604,-0.006032,0.001228,-0.024258,-0.001388,-0.001634,-0.015088,-0.025009,0.016347,0.022376,0.005798,0.025162,-0.023691,-0.035792,0.022587,0.026593,-0.015488,-0.007140,0.029954,0.016799,-0.013718,-0.019299,0.014970,0.017891,0.019902,0.025037,0.000336,0.021392,-0.010774,-0.024638,0.016568,-0.015441,-0.068905,0.032478,0.004638,0.000348,-0.009684,0.005462,-0.000315,-0.012552,0.003130,-0.002898,-0.010384,0.015362,-0.036591,0.031629,-0.014727,-0.042697,-0.003209,0.003545,0.024200,-0.013720,0.006358,-0.003572,0.001851,0.021297,-0.015255,0.007391,0.028970,-0.006378,-0.013066,0.005508,0.023079,-0.000668,0.013626,-0.013100,-0.012866,-0.005505,-0.004212,0.029646,0.018246,0.051697,-0.011749,0.007538,-0.020861,0.016868,0.020432,-0.007260,0.005883,-0.023688,-0.032416,-0.012081,0.021553,-0.000404,0.015254,-0.008732,-0.028303,0.001080,0.021032,0.028041,-0.003636,0.026582,0.004049,0.017432,0.028351,0.012362,0.028014,-0.007136,-0.021650,-0.030302,-0.010287,-0.016843,0.009030,-0.005091,-0.003897,0.009894,0.004342,0.029317,0.006740,0.011219,-0.049325,-0.006159,-0.025946,-0.007631,-0.018741,-0.017145,-0.014941,-0.003346,-0.020410,-0.003359,-0.011376,0.005488,-0.027006,0.018055,-0.011723,0.014311,0.002806,0.012578,0.019003,0.012736,-0.015977,-0.041871,-0.005954,-0.006571,-0.007373,-0.021294,-0.031625,0.013247,-0.006327,-0.005684,0.048826,-0.019812,0.001685,0.005413,0.003906,-0.008060,0.00... [truncated]"
time=2026-08-26T23:54:39.570+08:00 level=INFO msg="TagMatch: label=\"广西崇左抗洪抢险行动\" category=event similarity search returned totalCandidates=20 bestSimilarity=0.7345"
time=2026-08-26T23:54:39.570+08:00 level=INFO msg="TagMatch: label=\"广西崇左抗洪抢险行动\" category=event result=no_match reason=below_low_similarity bestSimilarity=0.7345"
time=2026-08-26T23:54:39.570+08:00 level=INFO msg="findOrCreateTag: label=\"广西崇左抗洪抢险行动\" category=event matchType=no_match"
time=2026-08-26T23:54:39.570+08:00 level=INFO msg="findOrCreateTag: label=\"广西崇左抗洪抢险行动\" category=event fallback=create_new"
time=2026-08-26T23:54:39.573+08:00 level=WARN msg="[SLOW SQL] 1519.294ms > 200ms | rows=20 | \n\t\tSELECT t.id AS tag_id, e.embedding <=> '[-0.000409,-0.033469,0.044957,-0.017275,-0.002871,0.061740,0.034160,0.023399,0.038644,0.015676,-0.042174,-0.017637,0.008072,-0.026833,0.062789,-0.025483,0.020114,-0.013153,0.010817,-0.002556,-0.011901,0.085674,0.056560,0.024510,-0.043695,-0.005146,-0.026905,-0.008065,0.006950,0.001768,-0.003254,-0.015450,0.078396,0.008079,0.002287,-0.014805,0.002624,-0.003239,-0.001041,0.047365,0.041507,-0.014941,0.009282,0.012768,-0.007239,0.014657,0.011008,-0.022750,0.018829,-0.028398,0.011034,-0.002903,-0.006039,-0.002601,-0.032220,-0.058546,0.089030,-0.006101,0.013803,-0.010377,-0.009233,-0.004278,-0.025080,-0.003538,-0.010880,-0.031653,-0.040781,-0.039109,0.018671,0.002063,0.000488,-0.047348,-0.000750,-0.002695,0.013018,-0.013086,-0.008219,0.021537,-0.016375,0.010021,-0.033329,0.016230,0.033900,0.042843,0.048167,0.011139,-0.003924,-0.005661,-0.038029,-0.030489,0.010062,0.036879,0.021007,0.014262,0.004759,-0.006206,0.007823,-0.007108,-0.012458,-0.001459,-0.007497,-0.014211,-0.008769,-0.007216,0.017475,-0.016647,-0.032446,0.003051,0.013044,0.004372,-0.009896,0.000903,-0.004225,0.018470,-0.018558,0.002090,0.014121,-0.017043,-0.021205,-0.045361,0.002310,0.010643,-0.007525,0.009227,0.015069,-0.011403,-0.016279,0.012695,0.025741,0.030495,0.028189,-0.012114,0.004467,-0.026703,-0.010025,0.005463,-0.011619,0.007635,-0.001484,-0.015468,-0.001885,0.021499,-0.005295,-0.006167,-0.018715,-0.001994,0.004191,0.019891,0.020562,0.002902,0.019210,0.024991,0.005243,0.041196,-0.002736,0.020304,-0.011699,0.005901,-0.014050,0.000077,-0.019228,0.008556,-0.030823,0.066914,0.007373,0.007795,0.018882,-0.019535,-0.019875,0.003415,-0.015715,-0.004837,0.001857,-0.004144,-0.017636,0.000256,-0.026812,-0.032054,0.003586,0.003242,-0.013866,-0.018633,0.037681,-0.005058,0.014497,-0.001942,-0.005638,0.011573,0.021225,0.001579,-0.073984,0.022672,-0.009656,-0.009615,-0.010906,-0.011556,-0.011822,0.014068,-0.015498,0.017401,-0.009809,0.020653,0.030339,0.017300,0.003670,-0.00... [truncated]"
time=2026-08-26T23:54:39.573+08:00 level=INFO msg="TagMatch: label=\"英国10年期国债收益率显著上涨\" category=event similarity search returned totalCandidates=20 bestSimilarity=0.8961"
time=2026-08-26T23:54:39.576+08:00 level=INFO msg="TagMatch: label=\"英国10年期国债收益率显著上涨\" category=event result=no_match reason=below_low_similarity bestSimilarity=0.8961"
time=2026-08-26T23:54:39.576+08:00 level=INFO msg="findOrCreateTag: label=\"英国10年期国债收益率显著上涨\" category=event matchType=no_match"
time=2026-08-26T23:54:39.578+08:00 level=INFO msg="findOrCreateTag: label=\"英国10年期国债收益率显著上涨\" category=event fallback=create_new"
time=2026-08-26T23:54:41.348+08:00 level=INFO msg="Generated description + 5 keywords for event tag 130282 (英国10年期国债收益率显著上涨): [英国 10年期国债 收益率 上涨 PCE通胀数据]"
time=2026-08-26T23:54:41.776+08:00 level=INFO msg="Generated description + 5 keywords for event tag 130281 (广西崇左抗洪抢险行动): [广西崇左 中国安能 动力舟桥 抗洪抢险 群众转移]"
time=2026-08-26T23:54:45.389+08:00 level=WARN msg="[SLOW SQL] 7768.153ms > 200ms | rows=13060 | SELECT id, merge_embedding FROM \"semantic_labels\" WHERE label_type = 'auxiliary' AND status = 'active' AND merge_embedding IS NOT NULL"
time=2026-08-26T23:54:45.840+08:00 level=INFO msg="Auto Refresh: triggered 0 feeds (scanned=23, due=0, stale_reset=0)"
time=2026-08-26T23:54:45.917+08:00 level=INFO msg="Content Completion: no pending content to complete"
time=2026-08-26T23:54:46.477+08:00 level=WARN msg="auxiliary label dedup gate slow: label=\"俄联邦侦察委员会\" took=9.1167863s (>50ms), review L1/L2 (embedder/merge) performance"
time=2026-08-26T23:54:46.871+08:00 level=INFO msg="findOrCreateTag: start label=\"乌克兰武装部队\" slug=\"乌克兰武装部队\" category=keyword source=llm"
time=2026-08-26T23:54:46.871+08:00 level=INFO msg="TagMatch: start label=\"乌克兰武装部队\" slug=\"乌克兰武装部队\" category=keyword threshold=0.92"
time=2026-08-26T23:54:49.074+08:00 level=WARN msg="[SLOW SQL] 1861.980ms > 200ms | rows=20 | \n\t\tSELECT t.id AS tag_id, e.embedding <=> '[-0.000016,0.025733,-0.057917,-0.041496,-0.001164,0.041561,0.009115,-0.007262,0.056415,-0.019694,0.028729,-0.036155,0.011460,-0.024311,0.048297,-0.000904,-0.018678,-0.020421,0.002223,-0.002165,-0.020348,0.022968,0.060164,0.035031,-0.006327,-0.024260,-0.023916,-0.043789,0.014314,0.042172,0.005363,-0.026133,0.008545,0.025851,0.007081,-0.022676,0.014001,-0.000551,-0.054758,0.038853,0.015710,-0.053702,0.031961,0.001928,0.033608,0.019714,0.012814,0.004872,0.005124,-0.024019,0.005080,-0.002361,-0.019702,-0.018865,0.015264,-0.043957,0.102587,-0.011513,-0.029336,0.005615,-0.011316,0.008172,-0.029303,-0.021557,-0.001673,-0.011674,-0.029200,-0.012400,0.020950,0.011850,-0.000001,-0.016756,-0.002683,0.019472,-0.000391,-0.014986,-0.009425,0.017636,0.001698,0.010797,-0.011484,0.021438,0.014166,0.023176,0.030470,0.019689,-0.006343,-0.006904,-0.028617,0.010955,-0.004993,-0.005874,-0.002805,-0.034674,0.007067,-0.010305,0.003441,-0.005086,0.009475,0.003236,-0.002589,-0.041458,-0.010553,-0.008781,0.019578,-0.024581,-0.018953,0.011225,0.000159,0.005451,-0.008709,0.005434,-0.030924,-0.008423,-0.007119,-0.024615,0.006512,0.037164,-0.005271,0.020882,0.007992,0.008912,0.005717,0.010410,0.010701,-0.013254,-0.012762,-0.004789,-0.038004,0.036061,0.061234,-0.009554,0.030980,-0.019778,0.018295,0.001187,-0.006390,0.007642,-0.001440,0.004658,-0.000584,0.030289,-0.001882,0.010067,-0.037996,-0.024579,-0.011319,0.012341,0.012131,0.001638,-0.002655,-0.003371,0.037885,0.023582,-0.014410,0.013652,-0.031289,-0.008952,0.014372,0.017841,-0.017044,0.008679,0.003615,0.011116,-0.001031,-0.001501,0.027690,-0.007489,0.001548,0.001043,0.002038,-0.013616,0.004489,-0.016274,-0.022873,-0.026123,-0.007007,-0.017125,0.007960,0.006440,0.011408,-0.028324,0.016291,-0.008838,0.017976,-0.007720,0.000419,-0.021061,0.009000,0.000155,-0.047479,-0.005814,0.004386,-0.007678,-0.013306,-0.015047,-0.012195,-0.023520,-0.002450,0.016872,-0.005058,0.001675,0.041183,0.008547,-0.000181,0.002... [truncated]"
time=2026-08-26T23:54:49.077+08:00 level=INFO msg="TagMatch: label=\"乌克兰武装部队\" category=keyword similarity search returned totalCandidates=20 bestSimilarity=0.8357"
time=2026-08-26T23:54:49.077+08:00 level=INFO msg="TagMatch: label=\"乌克兰武装部队\" category=keyword result=no_match reason=below_low_similarity bestSimilarity=0.8357"
time=2026-08-26T23:54:49.077+08:00 level=INFO msg="findOrCreateTag: label=\"乌克兰武装部队\" category=keyword matchType=no_match"
time=2026-08-26T23:54:49.079+08:00 level=INFO msg="findOrCreateTag: label=\"乌克兰武装部队\" category=keyword fallback=create_new"
time=2026-08-26T23:54:54.179+08:00 level=WARN msg="[SLOW SQL] 7168.107ms > 200ms | rows=13061 | SELECT id, merge_embedding FROM \"semantic_labels\" WHERE label_type = 'auxiliary' AND status = 'active' AND merge_embedding IS NOT NULL"
time=2026-08-26T23:54:55.284+08:00 level=WARN msg="auxiliary label dedup gate slow: label=\"3个基点\" took=8.6157692s (>50ms), review L1/L2 (embedder/merge) performance"
time=2026-08-26T23:54:55.284+08:00 level=WARN msg="auxiliary label dedup gate slow: label=\"广西崇左\" took=8.6332873s (>50ms), review L1/L2 (embedder/merge) performance"
time=2026-08-26T23:54:55.458+08:00 level=INFO msg="findOrCreateTag: start label=\"俄联邦侦察委员会\" slug=\"俄联邦侦察委员会\" category=keyword source=llm"
time=2026-08-26T23:54:55.458+08:00 level=INFO msg="TagMatch: start label=\"俄联邦侦察委员会\" slug=\"俄联邦侦察委员会\" category=keyword threshold=0.92"
time=2026-08-26T23:54:57.966+08:00 level=WARN msg="[SLOW SQL] 1940.769ms > 200ms | rows=20 | \n\t\tSELECT t.id AS tag_id, e.embedding <=> '[-0.000157,0.030857,-0.043349,0.005746,-0.001748,0.045696,0.021861,-0.029756,0.052881,0.010758,0.008087,-0.003989,0.015189,0.006803,0.010638,-0.018067,-0.007076,-0.016798,-0.000211,-0.000497,-0.013502,0.025882,0.028747,0.057525,-0.023549,0.004761,-0.027127,-0.053010,-0.029603,0.021621,0.022053,-0.060044,0.029464,0.034437,0.003961,-0.031548,0.004677,0.000261,-0.058701,0.035755,0.023593,-0.047104,0.026901,0.006943,0.013265,-0.000397,0.017113,0.010414,-0.015492,-0.022522,0.006675,0.008781,-0.025760,-0.013500,0.015743,-0.061054,0.073083,-0.009124,-0.008633,0.003825,-0.008714,0.010436,-0.044300,-0.017823,-0.003660,-0.016008,-0.021139,0.012432,0.026463,0.008745,-0.008096,-0.029921,-0.005094,-0.003469,0.007458,-0.021256,-0.006739,0.022405,-0.005909,0.009043,-0.007209,0.020617,0.012036,0.039845,0.025077,0.001581,0.001845,-0.003510,-0.013914,0.014820,0.001753,0.021578,0.001097,-0.028638,0.009430,-0.003117,0.012909,-0.011941,0.005910,-0.000832,-0.009144,-0.035030,0.013398,-0.005033,0.000628,-0.027269,-0.017335,-0.015832,-0.000750,-0.001532,-0.022330,-0.008929,-0.041332,0.031049,0.002803,-0.011469,0.004075,0.058506,-0.007739,0.026430,0.009564,-0.007612,0.006075,0.038443,-0.006373,-0.034265,-0.002737,-0.012517,0.005910,0.008605,0.058328,-0.011003,-0.000508,-0.016550,-0.022985,0.033938,0.004184,0.013971,-0.003223,-0.010135,-0.003447,0.025257,-0.003023,-0.013568,-0.040471,-0.055473,0.014890,-0.001588,0.006426,0.006247,0.021473,0.004889,-0.002353,0.041015,-0.014862,0.003505,-0.031142,0.005103,0.013941,0.013777,-0.033915,0.025916,-0.015294,0.015890,0.032887,0.011997,0.016122,-0.008682,-0.010858,-0.012017,0.007841,-0.026964,-0.002916,-0.017703,-0.027403,0.004118,-0.013534,-0.033237,0.010491,0.017218,0.002778,-0.032416,-0.006311,-0.002120,-0.002969,0.004855,-0.026033,0.009528,0.004791,0.003841,-0.049101,0.030461,0.008018,-0.003267,0.007746,-0.012105,0.003993,-0.010750,-0.002082,0.033686,-0.026371,0.014922,0.030919,-0.011784,0.000762,-0.01482... [truncated]"
time=2026-08-26T23:54:57.967+08:00 level=INFO msg="TagMatch: label=\"俄联邦侦察委员会\" category=keyword similarity search returned totalCandidates=20 bestSimilarity=0.7421"
time=2026-08-26T23:54:57.968+08:00 level=INFO msg="TagMatch: label=\"俄联邦侦察委员会\" category=keyword result=no_match reason=below_low_similarity bestSimilarity=0.7421"
time=2026-08-26T23:54:57.968+08:00 level=INFO msg="findOrCreateTag: label=\"俄联邦侦察委员会\" category=keyword matchType=no_match"
time=2026-08-26T23:54:57.969+08:00 level=INFO msg="findOrCreateTag: label=\"俄联邦侦察委员会\" category=keyword fallback=create_new"
time=2026-08-26T23:55:03.438+08:00 level=WARN msg="[SLOW SQL] 7236.663ms > 200ms | rows=13062 | SELECT id, merge_embedding FROM \"semantic_labels\" WHERE label_type = 'auxiliary' AND status = 'active' AND merge_embedding IS NOT NULL"
time=2026-08-26T23:55:04.646+08:00 level=INFO msg="findOrCreateTag: start label=\"卢甘斯克地区\" slug=\"卢甘斯克地区\" category=keyword source=llm"
time=2026-08-26T23:55:04.646+08:00 level=INFO msg="TagMatch: start label=\"卢甘斯克地区\" slug=\"卢甘斯克地区\" category=keyword threshold=0.92"
time=2026-08-26T23:55:04.663+08:00 level=WARN msg="auxiliary label dedup gate slow: label=\"收益率上涨\" took=8.7079873s (>50ms), review L1/L2 (embedder/merge) performance"
time=2026-08-26T23:55:04.663+08:00 level=WARN msg="auxiliary label dedup gate slow: label=\"中国安能救援力量\" took=8.7079873s (>50ms), review L1/L2 (embedder/merge) performance"
time=2026-08-26T23:55:05.360+08:00 level=WARN msg="[SLOW SQL] 200.619ms > 200ms | rows=14462 | SELECT id, label, slug, label_type, aliases, ref_count, description, status, protected, source, display_order, created_at, updated_at FROM \"semantic_labels\" WHERE label_type = 'auxiliary' AND status = 'active'"
time=2026-08-26T23:55:05.664+08:00 level=INFO msg="Successfully tagged article 118867"
time=2026-08-26T23:55:07.555+08:00 level=WARN msg="[SLOW SQL] 1956.566ms > 200ms | rows=20 | \n\t\tSELECT t.id AS tag_id, e.embedding <=> '[-0.000026,0.012204,-0.042143,-0.030227,-0.001343,0.053081,0.027924,0.016215,0.058847,0.036027,0.006203,0.002002,0.015988,-0.014775,0.040729,0.011028,-0.015727,-0.023397,0.033627,0.000092,-0.018069,0.031604,0.037721,0.067544,-0.022155,-0.016362,-0.022594,0.003731,0.016798,0.029562,-0.038775,-0.044496,0.066167,0.013835,0.007542,-0.023608,0.014444,0.008591,-0.035558,-0.009294,0.027682,-0.022286,0.041498,0.010738,-0.000224,0.020974,0.003919,0.024946,-0.021254,-0.008822,0.004602,-0.006483,-0.018825,0.002489,0.039492,-0.045407,0.098472,-0.002315,-0.009086,-0.034781,-0.011330,0.014106,-0.005786,-0.016243,-0.002535,-0.006353,-0.009394,0.025442,0.017532,0.010656,0.004298,-0.060437,-0.019176,0.037950,-0.016280,-0.020131,-0.003072,0.014323,-0.011711,0.040510,0.007401,0.034559,0.030195,0.002204,0.040059,-0.013329,0.010102,-0.006217,-0.046254,0.021302,-0.010226,-0.007646,0.025990,-0.012702,0.005586,-0.009820,0.015344,-0.009861,0.025539,-0.005026,-0.005372,-0.037876,-0.002593,-0.024824,0.041310,-0.020036,0.007154,0.017265,0.004424,0.022832,-0.020033,0.036335,-0.010400,-0.014828,-0.001905,-0.015377,0.015680,0.034412,-0.002442,0.004782,0.009264,0.000595,-0.019794,0.000021,-0.011163,-0.043612,-0.014190,0.002358,-0.009483,0.039270,0.022336,-0.000497,-0.020138,-0.006957,0.017957,0.031676,-0.014495,0.001515,-0.004546,0.000114,-0.006446,0.024704,-0.013176,0.012633,-0.038174,-0.013847,-0.008403,0.007267,0.034566,-0.002435,0.028891,0.011447,0.025081,0.039612,-0.003399,-0.002430,-0.030810,-0.030405,-0.002137,0.005098,-0.025302,0.026403,0.000826,0.033373,0.001391,0.002210,0.038761,0.011866,0.015515,-0.039272,0.009501,-0.013489,-0.007696,-0.004089,0.001462,-0.024262,-0.015727,-0.037638,0.005560,0.001145,0.029322,-0.025842,-0.011837,0.004395,0.004574,0.002418,-0.002716,0.020518,0.023752,-0.013187,-0.030927,0.022762,0.012572,-0.005713,0.002889,-0.041343,0.008715,-0.024770,-0.020360,-0.001988,-0.012513,-0.016558,0.039312,-0.015751,0.002257,0.009285,-0... [truncated]"
time=2026-08-26T23:55:07.558+08:00 level=INFO msg="TagMatch: label=\"卢甘斯克地区\" category=keyword similarity search returned totalCandidates=20 bestSimilarity=0.7163"
time=2026-08-26T23:55:07.560+08:00 level=INFO msg="TagMatch: label=\"卢甘斯克地区\" category=keyword result=no_match reason=below_low_similarity bestSimilarity=0.7163"
time=2026-08-26T23:55:07.560+08:00 level=INFO msg="findOrCreateTag: label=\"卢甘斯克地区\" category=keyword matchType=no_match"
time=2026-08-26T23:55:07.561+08:00 level=INFO msg="findOrCreateTag: label=\"卢甘斯克地区\" category=keyword fallback=create_new"
time=2026-08-26T23:55:09.388+08:00 level=INFO msg="findOrCreateTag: start label=\"俄罗斯诺尔西炼油厂遭无人机袭击停产\" slug=\"俄罗斯诺尔西炼油厂遭无人机袭击停产\" category=event source=llm"
time=2026-08-26T23:55:09.388+08:00 level=INFO msg="TagMatch: start label=\"俄罗斯诺尔西炼油厂遭无人机袭击停产\" slug=\"俄罗斯诺尔西炼油厂遭无人机袭击停产\" category=event threshold=0.92"
time=2026-08-26T23:55:11.849+08:00 level=WARN msg="[SLOW SQL] 1938.926ms > 200ms | rows=20 | \n\t\tSELECT t.id AS tag_id, e.embedding <=> '[-0.000284,0.023042,-0.030371,-0.011252,-0.002382,0.051700,0.009472,0.037164,0.055291,-0.037349,0.006605,0.008307,0.017064,0.000553,0.054103,-0.000384,-0.007518,-0.048293,0.008657,0.004233,-0.015257,0.054465,0.050135,0.001637,-0.028799,0.008251,-0.030761,-0.016094,0.004664,0.052042,-0.041392,-0.009679,0.076093,0.016995,0.003537,-0.016678,-0.002759,0.001100,-0.031990,0.021211,0.028928,-0.056670,0.024346,0.003594,0.019683,0.000495,0.001144,-0.013448,-0.001115,-0.043246,0.016734,0.003241,0.038034,-0.011134,0.009581,-0.013853,0.086663,-0.000808,-0.009067,0.008429,-0.009160,-0.003892,0.005576,-0.014489,-0.001354,-0.005573,-0.017135,0.014469,0.010257,-0.009164,0.016341,-0.055551,-0.018181,0.017377,0.022218,-0.025227,-0.006923,0.030681,0.006294,-0.013296,-0.008259,0.008300,0.019828,-0.008923,0.036796,0.001537,-0.012409,0.009765,-0.027676,0.035373,-0.009709,0.003331,0.018468,-0.027623,0.010963,-0.016754,-0.002266,-0.006462,-0.003456,0.001887,-0.018490,-0.026533,0.007152,-0.022051,0.000988,-0.013616,-0.028325,0.004517,0.014264,0.009554,-0.017095,-0.011052,-0.012434,0.015186,-0.011991,-0.032758,-0.022515,0.019785,0.012532,0.019888,0.011031,0.022032,-0.010444,0.004559,0.004803,-0.011280,0.002114,-0.006077,0.007396,0.034107,0.038257,0.010028,0.002398,-0.024402,-0.050811,0.006325,-0.018313,0.016805,-0.014753,-0.011069,-0.008891,0.020676,0.020577,-0.001563,-0.026393,-0.029256,0.029720,0.007444,0.010860,0.013167,0.007043,0.006137,0.014597,0.019505,0.003390,-0.002143,-0.030951,0.007474,0.007530,0.014688,-0.020438,0.008022,0.006228,0.025716,0.022681,-0.001413,0.019159,0.008430,0.003989,-0.023735,-0.006612,-0.019246,-0.002790,-0.019000,-0.013667,0.008602,-0.011998,-0.024313,0.007427,-0.008182,-0.009592,-0.044082,-0.028314,-0.016128,0.008872,-0.003505,-0.013403,0.033720,0.020299,-0.005260,-0.053917,0.024199,-0.000515,-0.013904,-0.001367,-0.027642,-0.000720,-0.008728,-0.000120,0.024341,0.009856,0.008742,0.051821,-0.002578,0.004847,-0.020549,0.... [truncated]"
time=2026-08-26T23:55:11.853+08:00 level=INFO msg="TagMatch: label=\"俄罗斯诺尔西炼油厂遭无人机袭击停产\" category=event similarity search returned totalCandidates=20 bestSimilarity=0.7193"
time=2026-08-26T23:55:11.853+08:00 level=INFO msg="TagMatch: label=\"俄罗斯诺尔西炼油厂遭无人机袭击停产\" category=event result=no_match reason=below_low_similarity bestSimilarity=0.7193"
time=2026-08-26T23:55:11.853+08:00 level=INFO msg="findOrCreateTag: label=\"俄罗斯诺尔西炼油厂遭无人机袭击停产\" category=event matchType=no_match"
time=2026-08-26T23:55:11.855+08:00 level=INFO msg="findOrCreateTag: label=\"俄罗斯诺尔西炼油厂遭无人机袭击停产\" category=event fallback=create_new"
time=2026-08-26T23:55:14.220+08:00 level=WARN msg="[SLOW SQL] 8469.785ms > 200ms | rows=13065 | SELECT id, merge_embedding FROM \"semantic_labels\" WHERE label_type = 'auxiliary' AND status = 'active' AND merge_embedding IS NOT NULL"
time=2026-08-26T23:55:15.550+08:00 level=WARN msg="auxiliary label dedup gate slow: label=\"上金乡受困区域\" took=10.1869384s (>50ms), review L1/L2 (embedder/merge) performance"
time=2026-08-26T23:55:15.660+08:00 level=INFO msg="Generated description + 4 keywords for event tag 130286 (俄罗斯诺尔西炼油厂遭无人机袭击停产): [俄罗斯 诺尔西炼油厂 无人机袭击 停产]"
time=2026-08-26T23:55:15.737+08:00 level=INFO msg="Successfully tagged article 118866"
time=2026-08-26T23:55:19.886+08:00 level=INFO msg="findOrCreateTag: start label=\"Hennes & Mauritz AB\" slug=\"hennes - mauritz ab\" category=keyword source=llm"
time=2026-08-26T23:55:19.886+08:00 level=INFO msg="TagMatch: start label=\"Hennes & Mauritz AB\" slug=\"hennes - mauritz ab\" category=keyword threshold=0.92"
time=2026-08-26T23:55:22.170+08:00 level=WARN msg="[SLOW SQL] 1822.025ms > 200ms | rows=20 | \n\t\tSELECT t.id AS tag_id, e.embedding <=> '[0.000042,0.005618,0.034303,0.006062,-0.000346,0.045041,0.065638,0.006825,0.041535,0.051711,-0.018640,0.013426,0.011488,-0.032438,0.028244,-0.030941,0.002674,-0.051677,-0.025498,-0.000552,-0.013848,0.006353,0.041151,0.019757,0.000004,-0.032921,-0.027023,0.032502,0.003002,0.009660,0.031609,-0.014633,0.118095,-0.008274,0.005560,-0.006068,-0.023523,0.001217,0.001751,0.024081,0.002247,-0.043248,0.036291,0.016355,0.003691,0.015345,0.004029,0.020147,-0.003505,-0.029389,-0.001773,-0.000558,0.023693,-0.025342,0.028364,-0.009583,0.067213,-0.003077,-0.013460,-0.001413,-0.007968,0.026909,-0.021777,-0.015155,-0.004187,-0.019694,-0.029489,0.012589,0.019957,-0.007212,0.004787,-0.017993,-0.018341,-0.004918,0.018757,-0.022268,-0.008353,0.028432,-0.056065,0.006318,-0.009235,0.008337,0.024037,-0.000176,0.030108,-0.013130,-0.022252,0.002991,-0.018924,0.024789,0.009456,-0.007195,-0.002714,0.011483,-0.001991,-0.000147,-0.013305,-0.020032,0.006955,0.001392,-0.009385,-0.035127,0.029357,0.000808,0.009975,-0.013109,-0.002540,0.016987,-0.001349,0.009380,0.001888,-0.005677,-0.006940,0.032417,-0.009883,-0.017688,0.020330,0.001551,0.015386,0.038449,-0.007219,0.032236,-0.012331,0.015114,0.024963,0.014316,-0.009498,-0.005407,-0.018527,0.010733,0.054828,-0.006063,0.007743,-0.017313,0.006400,-0.000194,0.029225,0.008088,-0.021179,-0.004253,-0.004649,0.017681,0.018063,0.036776,-0.031399,-0.040722,0.009046,0.001567,0.013094,0.018019,0.020219,0.004326,0.022991,0.027614,0.001099,0.022858,-0.017559,0.012016,0.047181,0.030867,-0.026908,0.002518,0.002860,0.058756,0.001350,0.009077,0.022711,0.001509,0.011166,-0.035973,0.018227,-0.032117,-0.011651,-0.008852,-0.030618,-0.006112,-0.022033,-0.003326,0.013132,0.025691,0.003172,0.016575,0.005560,0.001968,0.020696,-0.026483,-0.024015,0.011677,0.023213,-0.017372,-0.031912,0.011891,-0.003654,-0.013026,-0.023549,-0.041464,-0.007436,0.003055,0.007454,0.002385,0.002409,0.004515,-0.004277,0.008716,0.002440,0.000744,-0.011305,-0... [truncated]"
time=2026-08-26T23:55:22.172+08:00 level=INFO msg="TagMatch: label=\"Hennes & Mauritz AB\" category=keyword similarity search returned totalCandidates=20 bestSimilarity=0.6456"
time=2026-08-26T23:55:22.172+08:00 level=INFO msg="TagMatch: label=\"Hennes & Mauritz AB\" category=keyword result=no_match reason=below_low_similarity bestSimilarity=0.6456"
time=2026-08-26T23:55:22.172+08:00 level=INFO msg="findOrCreateTag: label=\"Hennes & Mauritz AB\" category=keyword matchType=no_match"
time=2026-08-26T23:55:22.173+08:00 level=INFO msg="findOrCreateTag: label=\"Hennes & Mauritz AB\" category=keyword fallback=create_new"
time=2026-08-26T23:55:24.304+08:00 level=WARN msg="[SLOW SQL] 7798.255ms > 200ms | rows=13063 | SELECT id, merge_embedding FROM \"semantic_labels\" WHERE label_type = 'auxiliary' AND status = 'active' AND merge_embedding IS NOT NULL"
time=2026-08-26T23:55:25.488+08:00 level=WARN msg="auxiliary label dedup gate slow: label=\"诺尔西炼油厂\" took=9.7802239s (>50ms), review L1/L2 (embedder/merge) performance"
time=2026-08-26T23:55:25.488+08:00 level=WARN msg="auxiliary label dedup gate slow: label=\"抗洪抢险\" took=9.3325046s (>50ms), review L1/L2 (embedder/merge) performance"
time=2026-08-26T23:55:25.681+08:00 level=WARN msg="auxiliary label dedup gate slow: label=\"Hennes & Mauritz AB\" took=221.373ms (>50ms), review L1/L2 (embedder/merge) performance"
time=2026-08-26T23:55:25.969+08:00 level=INFO msg="Successfully tagged article 118864"
time=2026-08-26T23:55:26.220+08:00 level=WARN msg="[SLOW SQL] 295.751ms > 200ms | rows=14463 | SELECT id, label, slug, label_type, aliases, ref_count, description, status, protected, source, display_order, created_at, updated_at FROM \"semantic_labels\" WHERE label_type = 'auxiliary' AND status = 'active'"
time=2026-08-26T23:55:26.347+08:00 level=INFO msg="findOrCreateTag: start label=\"MSCI 北欧国家指数下跌\" slug=\"msci 北欧国家指数下跌\" category=event source=llm"
time=2026-08-26T23:55:26.348+08:00 level=INFO msg="TagMatch: start label=\"MSCI 北欧国家指数下跌\" slug=\"msci 北欧国家指数下跌\" category=event threshold=0.92"
time=2026-08-26T23:55:28.845+08:00 level=WARN msg="[SLOW SQL] 1870.520ms > 200ms | rows=20 | \n\t\tSELECT t.id AS tag_id, e.embedding <=> '[-0.000274,0.020364,0.010595,0.037083,-0.002307,0.089185,0.016145,0.001105,0.042287,0.037077,0.002518,0.039683,0.012454,-0.022561,0.059946,-0.006872,0.010479,-0.035665,-0.027877,0.002969,-0.009374,0.038058,0.016159,0.046230,-0.063381,-0.023558,-0.027300,0.038781,-0.018284,0.029682,0.008187,-0.013302,0.082448,0.022332,0.005570,-0.015136,-0.018257,0.002520,0.011940,0.062737,0.041875,-0.028193,0.003598,0.011061,0.004528,-0.002930,0.004728,-0.015217,0.003414,-0.025050,0.016835,-0.008135,0.000535,-0.013801,0.003798,-0.056405,0.077082,0.000422,0.009954,0.022324,-0.011498,0.019025,-0.013021,-0.029515,-0.003351,-0.019329,-0.030057,-0.014734,0.029759,0.008172,-0.013001,-0.073083,-0.010038,-0.013126,0.023638,-0.020744,0.001523,0.010809,-0.046801,-0.005550,-0.041234,0.012799,0.030526,0.013380,0.056540,-0.012817,-0.006477,-0.000851,-0.028780,0.001027,-0.002561,0.000353,0.002344,-0.003177,-0.002736,-0.010719,0.005686,-0.012683,0.013614,0.006127,-0.011706,-0.009677,0.032766,-0.011812,0.024412,-0.016637,-0.020626,0.004480,0.012800,0.002929,-0.007158,-0.020540,-0.004571,0.021941,-0.004805,-0.009420,0.027704,-0.008357,0.017411,0.000433,0.000200,0.013125,-0.023872,0.021155,-0.001157,-0.036137,0.006623,0.005061,0.015169,0.008180,0.045594,-0.004515,-0.002669,0.000968,-0.025441,-0.005569,-0.001193,-0.008876,-0.002899,0.006848,0.001801,0.029068,0.001142,0.023472,-0.012032,-0.024902,0.016566,-0.001420,0.014970,0.002083,0.026881,-0.005542,0.012570,0.012987,-0.002085,-0.000094,-0.025628,0.003293,0.018649,0.010262,-0.014731,0.002619,-0.009628,0.019710,0.005208,0.020909,0.000962,0.010471,0.001974,-0.028920,0.022084,-0.027865,-0.004655,-0.011548,-0.002494,-0.006332,-0.002463,-0.031531,-0.004408,0.018652,-0.005162,0.022056,0.021238,0.016976,0.024270,0.003725,-0.000059,0.011057,0.019999,-0.010945,-0.026056,0.047157,0.013086,-0.009671,-0.010108,-0.033336,0.003888,-0.007121,-0.022713,0.045619,0.007186,-0.006500,0.001096,0.019655,0.002782,0.007902,0.016801... [truncated]"
time=2026-08-26T23:55:28.846+08:00 level=INFO msg="TagMatch: label=\"MSCI 北欧国家指数下跌\" category=event similarity search returned totalCandidates=20 bestSimilarity=0.7739"
time=2026-08-26T23:55:28.847+08:00 level=INFO msg="TagMatch: label=\"MSCI 北欧国家指数下跌\" category=event result=no_match reason=below_low_similarity bestSimilarity=0.7739"
time=2026-08-26T23:55:28.847+08:00 level=INFO msg="findOrCreateTag: label=\"MSCI 北欧国家指数下跌\" category=event matchType=no_match"
time=2026-08-26T23:55:28.847+08:00 level=INFO msg="findOrCreateTag: label=\"MSCI 北欧国家指数下跌\" category=event fallback=create_new"
time=2026-08-26T23:55:29.794+08:00 level=INFO msg="findOrCreateTag: start label=\"国债拍卖\" slug=\"国债拍卖\" category=keyword source=llm"
time=2026-08-26T23:55:29.794+08:00 level=INFO msg="TagMatch: start label=\"国债拍卖\" slug=\"国债拍卖\" category=keyword threshold=0.92"
time=2026-08-26T23:55:29.797+08:00 level=INFO msg="TagMatch: label=\"国债拍卖\" category=keyword result=exact reason=slug existingID=118221 existingLabel=\"国债拍卖\""
time=2026-08-26T23:55:29.797+08:00 level=INFO msg="findOrCreateTag: label=\"国债拍卖\" category=keyword matchType=exact existingID=118221 existingLabel=\"国债拍卖\""
time=2026-08-26T23:55:30.534+08:00 level=INFO msg="Generated description + 5 keywords for event tag 130288 (MSCI 北欧国家指数下跌): [MSCI 北欧国家指数 下跌 医疗保健板块 H&M]"
time=2026-08-26T23:55:33.860+08:00 level=WARN msg="[SLOW SQL] 7344.745ms > 200ms | rows=13069 | SELECT id, merge_embedding FROM \"semantic_labels\" WHERE label_type = 'auxiliary' AND status = 'active' AND merge_embedding IS NOT NULL"
time=2026-08-26T23:55:35.065+08:00 level=WARN msg="auxiliary label dedup gate slow: label=\"停止原油加工\" took=8.8399108s (>50ms), review L1/L2 (embedder/merge) performance"
time=2026-08-26T23:55:35.265+08:00 level=INFO msg="findOrCreateTag: start label=\"投标倍数\" slug=\"投标倍数\" category=keyword source=llm"
time=2026-08-26T23:55:35.266+08:00 level=INFO msg="TagMatch: start label=\"投标倍数\" slug=\"投标倍数\" category=keyword threshold=0.92"
time=2026-08-26T23:55:35.268+08:00 level=INFO msg="TagMatch: label=\"投标倍数\" category=keyword result=exact reason=slug existingID=118222 existingLabel=\"投标倍数\""
time=2026-08-26T23:55:35.268+08:00 level=INFO msg="findOrCreateTag: label=\"投标倍数\" category=keyword matchType=exact existingID=118222 existingLabel=\"投标倍数\""
time=2026-08-26T23:55:35.287+08:00 level=INFO msg="findOrCreateTag: start label=\"美国国债\" slug=\"美国国债\" category=keyword source=llm"
time=2026-08-26T23:55:35.287+08:00 level=INFO msg="TagMatch: start label=\"美国国债\" slug=\"美国国债\" category=keyword threshold=0.92"
time=2026-08-26T23:55:35.291+08:00 level=INFO msg="TagMatch: label=\"美国国债\" category=keyword result=exact reason=slug existingID=110026 existingLabel=\"美国国债\""
time=2026-08-26T23:55:35.292+08:00 level=INFO msg="findOrCreateTag: label=\"美国国债\" category=keyword matchType=exact existingID=110026 existingLabel=\"美国国债\""
time=2026-08-26T23:55:35.317+08:00 level=INFO msg="findOrCreateTag: start label=\"美国财政部拍卖四个月期国债\" slug=\"美国财政部拍卖四个月期国债\" category=event source=llm"
time=2026-08-26T23:55:35.317+08:00 level=INFO msg="TagMatch: start label=\"美国财政部拍卖四个月期国债\" slug=\"美国财政部拍卖四个月期国债\" category=event threshold=0.92"
time=2026-08-26T23:55:35.400+08:00 level=INFO msg="findOrCreateTag: start label=\"原油加工\" slug=\"原油加工\" category=keyword source=llm"
time=2026-08-26T23:55:35.403+08:00 level=INFO msg="TagMatch: start label=\"原油加工\" slug=\"原油加工\" category=keyword threshold=0.92"
time=2026-08-26T23:55:37.363+08:00 level=WARN msg="[SLOW SQL] 1414.349ms > 200ms | rows=20 | \n\t\tSELECT t.id AS tag_id, e.embedding <=> '[-0.000021,0.030955,-0.030037,-0.024219,-0.001804,0.051364,0.021395,-0.015620,0.057612,-0.006677,-0.006529,0.012626,0.016838,-0.006393,0.050652,-0.050982,-0.040613,-0.053466,0.015355,-0.001722,-0.021000,0.037587,-0.002562,0.019488,-0.086444,-0.051005,-0.030404,0.004958,-0.027761,-0.026985,0.043225,-0.047632,0.016031,0.005424,0.002939,-0.014238,0.009206,-0.002921,-0.013809,-0.005391,0.017843,-0.076585,0.023169,0.012808,0.012880,0.016295,0.011800,0.010957,-0.007719,-0.033083,0.007299,-0.000063,0.020178,-0.008726,0.025859,-0.002550,0.089439,-0.010917,0.003970,0.048782,-0.006683,-0.007005,-0.030583,-0.019232,-0.001850,-0.006456,0.013491,-0.016924,0.026604,0.036220,0.019730,-0.029292,-0.006113,0.013487,0.014529,-0.036039,-0.011392,0.020837,0.001034,-0.013415,-0.009908,0.003665,0.021667,0.025448,0.029692,0.030897,0.004401,-0.005509,-0.021386,0.027658,-0.013333,-0.020982,0.009555,0.003915,-0.006541,-0.018647,-0.006114,-0.010985,0.002065,0.005979,-0.017421,-0.023321,0.015023,0.004303,0.017340,-0.019583,-0.012914,-0.007203,-0.001073,-0.009003,-0.018068,0.004878,0.007336,0.025097,0.001635,-0.024451,0.010883,0.005699,-0.003472,0.059443,-0.002522,0.013923,-0.009723,0.015105,-0.002259,-0.003569,-0.007799,0.002349,0.032639,0.015503,0.050226,-0.002443,-0.022490,-0.015022,-0.024619,0.027810,0.008668,0.023450,0.004224,0.007085,-0.014602,0.028337,0.011653,-0.010466,0.009620,-0.038312,-0.004603,0.018890,0.020081,0.002725,0.006824,0.011992,0.016747,0.009469,0.006863,0.001093,-0.030238,0.016168,0.008936,0.024896,-0.012861,-0.000872,-0.044930,0.002050,0.018950,0.019836,0.019966,0.005581,0.002538,-0.011544,0.002636,-0.035064,-0.003794,-0.007787,-0.037636,-0.002475,-0.000063,-0.017316,0.005691,0.019841,0.004040,0.023190,-0.008497,-0.013573,0.014804,0.009407,0.000456,0.015789,0.012625,-0.026423,-0.033509,0.042272,-0.006625,-0.008619,-0.015216,-0.012606,-0.001778,-0.003141,0.007604,0.027172,-0.016673,0.019162,0.018484,-0.018476,0.021681,-0.007274,0.... [truncated]"
time=2026-08-26T23:55:37.364+08:00 level=INFO msg="TagMatch: label=\"原油加工\" category=keyword similarity search returned totalCandidates=20 bestSimilarity=0.7889"
time=2026-08-26T23:55:37.364+08:00 level=INFO msg="TagMatch: label=\"原油加工\" category=keyword result=no_match reason=below_low_similarity bestSimilarity=0.7889"
time=2026-08-26T23:55:37.364+08:00 level=INFO msg="findOrCreateTag: label=\"原油加工\" category=keyword matchType=no_match"
time=2026-08-26T23:55:37.365+08:00 level=INFO msg="findOrCreateTag: label=\"原油加工\" category=keyword fallback=create_new"
time=2026-08-26T23:55:37.367+08:00 level=WARN msg="[SLOW SQL] 1420.297ms > 200ms | rows=20 | \n\t\tSELECT t.id AS tag_id, e.embedding <=> '[-0.000268,-0.012742,0.026661,-0.018124,-0.001971,0.058723,0.030554,-0.015394,0.046867,0.057673,-0.038672,-0.023274,0.009082,-0.021899,0.056874,-0.020913,0.003371,-0.012017,0.042248,-0.001931,-0.014171,0.057298,0.084248,-0.019950,-0.039435,-0.030227,-0.027624,0.006827,-0.022388,0.062953,-0.017080,0.001721,0.058517,0.015778,0.002892,-0.019878,0.027347,-0.002178,0.000227,0.062983,0.018803,-0.005069,0.029773,0.005807,0.003747,0.007531,0.006744,0.006053,-0.002836,-0.028307,0.006733,-0.003212,-0.006691,-0.009365,-0.042464,-0.045258,0.106381,-0.002763,-0.005825,0.023803,-0.011458,-0.027386,-0.010036,-0.000202,-0.012197,-0.019770,-0.030070,-0.050185,0.021450,0.004375,0.024165,-0.025826,0.004343,-0.000705,0.011670,-0.023141,-0.014600,0.026956,-0.006268,-0.000344,-0.024567,0.016061,0.021898,-0.001408,0.003009,-0.000224,0.016888,-0.003985,-0.011345,-0.004823,0.001496,0.035590,0.012905,0.017284,0.012864,-0.014526,0.008503,-0.013146,-0.011151,-0.002732,-0.005729,-0.033747,-0.007484,-0.019207,-0.031549,-0.024742,-0.023644,-0.003031,0.002925,-0.001999,0.002058,0.006151,-0.011359,-0.004730,-0.028399,-0.009670,0.005223,0.016119,-0.005463,-0.039978,-0.006426,0.012411,-0.014128,0.021878,0.011115,0.000124,-0.012089,-0.009874,0.017554,0.008942,0.037082,-0.017962,0.000908,-0.021356,-0.026248,-0.003043,-0.020050,-0.006834,0.010559,0.004071,-0.006367,0.011410,-0.007716,0.020987,-0.027420,0.000211,0.015333,0.007435,0.006797,0.005521,0.001023,-0.009336,-0.001981,0.029926,-0.001530,0.005279,-0.018747,0.004879,-0.001850,0.024479,-0.021616,0.002438,-0.031097,0.038810,0.025233,0.003420,0.013352,-0.011158,-0.009762,-0.004975,0.005818,-0.012649,-0.003935,-0.006323,-0.033264,-0.003134,-0.001309,0.000839,-0.001596,0.029813,-0.025323,-0.006342,0.013352,-0.003161,0.027438,0.010663,-0.007544,0.008940,0.028960,-0.015479,-0.063303,0.025433,-0.007095,-0.009127,-0.016591,0.002158,0.006803,-0.007017,-0.043533,0.026459,-0.014769,0.017361,-0.000829,0.006328,0.007811... [truncated]"
time=2026-08-26T23:55:37.371+08:00 level=INFO msg="TagMatch: label=\"美国财政部拍卖四个月期国债\" category=event similarity search returned totalCandidates=20 bestSimilarity=0.8760"
time=2026-08-26T23:55:37.371+08:00 level=INFO msg="TagMatch: label=\"美国财政部拍卖四个月期国债\" category=event result=no_match reason=below_low_similarity bestSimilarity=0.8760"
time=2026-08-26T23:55:37.371+08:00 level=INFO msg="findOrCreateTag: label=\"美国财政部拍卖四个月期国债\" category=event matchType=no_match"
time=2026-08-26T23:55:37.375+08:00 level=INFO msg="findOrCreateTag: label=\"美国财政部拍卖四个月期国债\" category=event fallback=create_new"
time=2026-08-26T23:55:38.555+08:00 level=INFO msg="Generated description + 4 keywords for event tag 130290 (美国财政部拍卖四个月期国债): [美国财政部 国债 拍卖 得标利率]"
time=2026-08-26T23:55:43.554+08:00 level=WARN msg="[SLOW SQL] 8036.590ms > 200ms | rows=13070 | SELECT id, merge_embedding FROM \"semantic_labels\" WHERE label_type = 'auxiliary' AND status = 'active' AND merge_embedding IS NOT NULL"
time=2026-08-26T23:55:44.696+08:00 level=WARN msg="auxiliary label dedup gate slow: label=\"北欧医疗保健板块\" took=9.4404511s (>50ms), review L1/L2 (embedder/merge) performance"
time=2026-08-26T23:55:45.854+08:00 level=INFO msg="Auto Refresh: triggered 0 feeds (scanned=23, due=0, stale_reset=0)"
time=2026-08-26T23:55:45.899+08:00 level=INFO msg="Firecrawl Crawler: no jobs to process"
time=2026-08-26T23:55:45.936+08:00 level=INFO msg="Content Completion: no pending content to complete"
time=2026-08-26T23:55:51.229+08:00 level=WARN msg="[SLOW SQL] 6083.466ms > 200ms | rows=13070 | SELECT id, merge_embedding FROM \"semantic_labels\" WHERE label_type = 'auxiliary' AND status = 'active' AND merge_embedding IS NOT NULL"
time=2026-08-26T23:55:52.377+08:00 level=WARN msg="auxiliary label dedup gate slow: label=\"H. & M. Hennes & Mauritz AB\" took=7.3228573s (>50ms), review L1/L2 (embedder/merge) performance"
time=2026-08-26T23:55:52.377+08:00 level=WARN msg="auxiliary label dedup gate slow: label=\"原油加工\" took=7.5226392s (>50ms), review L1/L2 (embedder/merge) performance"
time=2026-08-26T23:55:52.377+08:00 level=WARN msg="auxiliary label dedup gate slow: label=\"四个月期国债\" took=7.5124628s (>50ms), review L1/L2 (embedder/merge) performance"
time=2026-08-26T23:55:53.377+08:00 level=INFO msg="findOrCreateTag: start label=\"无人机袭击\" slug=\"无人机袭击\" category=keyword source=llm"
time=2026-08-26T23:55:53.377+08:00 level=INFO msg="TagMatch: start label=\"无人机袭击\" slug=\"无人机袭击\" category=keyword threshold=0.92"
time=2026-08-26T23:55:53.457+08:00 level=INFO msg="Successfully tagged article 118870"
time=2026-08-26T23:55:55.512+08:00 level=INFO msg="findOrCreateTag: start label=\"FRNS\" slug=\"frns\" category=keyword source=llm"
time=2026-08-26T23:55:55.512+08:00 level=INFO msg="TagMatch: start label=\"FRNS\" slug=\"frns\" category=keyword threshold=0.92"
time=2026-08-26T23:55:55.811+08:00 level=WARN msg="[SLOW SQL] 1928.435ms > 200ms | rows=20 | \n\t\tSELECT t.id AS tag_id, e.embedding <=> '[0.000019,0.033070,-0.041250,-0.066035,-0.001473,0.040902,0.021265,-0.076203,0.058868,-0.033287,0.025280,-0.005069,0.012342,-0.018333,0.000320,-0.006284,-0.043990,-0.029270,-0.005685,0.001881,-0.023277,0.065016,0.015131,0.021923,0.001752,-0.005720,-0.031498,-0.009779,-0.002659,0.055515,-0.030560,-0.042086,0.030605,0.021056,0.005820,-0.018183,0.020084,0.001184,-0.001684,0.012497,0.007239,-0.051070,0.042341,-0.004962,0.001071,0.005785,0.007096,-0.027007,-0.000079,-0.042997,0.006357,0.009821,-0.002844,-0.013792,0.026516,0.007428,0.061701,-0.009099,-0.017855,0.050711,0.000389,-0.016421,-0.043594,-0.018843,-0.009012,-0.011458,-0.048752,-0.006042,0.018325,-0.001006,-0.001422,-0.007238,0.003562,0.006190,0.030074,-0.016134,-0.006763,0.025600,0.010480,0.000500,0.000854,-0.003966,0.011906,0.068608,0.026768,-0.011234,0.003391,-0.011662,-0.047026,0.006674,-0.004355,0.005230,0.008138,-0.022067,0.014665,0.003623,-0.004495,-0.016893,-0.004684,0.001578,-0.014636,-0.031219,0.053569,-0.019058,0.007226,-0.031110,-0.017749,0.008187,-0.014531,0.009401,-0.014754,-0.010816,-0.019342,0.001293,-0.001634,-0.017049,-0.017960,0.058415,0.001394,0.041890,-0.003918,-0.004598,-0.007307,0.002567,-0.002599,-0.012543,-0.001957,-0.029089,-0.019291,0.028574,0.023043,0.012168,-0.007225,-0.029658,-0.009066,0.002800,-0.004214,0.010300,-0.007280,0.003323,-0.006359,0.014321,0.011218,-0.030187,-0.032587,-0.071489,-0.008251,0.011066,0.009172,-0.002432,0.001125,0.000607,0.014422,0.017611,-0.009701,0.015159,-0.040200,-0.003025,0.030940,0.007253,-0.010100,0.002046,-0.022530,0.057600,0.019188,0.022839,-0.008682,0.002097,-0.013575,-0.002835,0.012224,-0.012603,-0.004419,-0.021535,-0.031591,-0.003569,0.014829,-0.031344,-0.002939,0.015709,-0.009951,-0.020196,0.015836,-0.014707,0.005291,-0.014198,0.006615,0.006762,0.002187,-0.010368,-0.035721,0.011512,0.000250,0.008652,-0.019873,-0.017719,-0.006374,-0.020893,0.002477,0.024904,0.001028,0.009850,0.029537,-0.020185,-0.002308,-0.... [truncated]"
time=2026-08-26T23:55:55.814+08:00 level=INFO msg="TagMatch: label=\"无人机袭击\" category=keyword similarity search returned totalCandidates=20 bestSimilarity=0.7346"
time=2026-08-26T23:55:55.815+08:00 level=INFO msg="TagMatch: label=\"无人机袭击\" category=keyword result=no_match reason=below_low_similarity bestSimilarity=0.7346"
time=2026-08-26T23:55:55.818+08:00 level=INFO msg="findOrCreateTag: label=\"无人机袭击\" category=keyword matchType=no_match"
time=2026-08-26T23:55:55.820+08:00 level=INFO msg="findOrCreateTag: label=\"无人机袭击\" category=keyword fallback=create_new"
time=2026-08-26T23:55:57.792+08:00 level=WARN msg="[SLOW SQL] 1895.958ms > 200ms | rows=20 | \n\t\tSELECT t.id AS tag_id, e.embedding <=> '[-0.000192,0.020465,-0.022636,-0.016730,-0.002119,0.053684,0.068875,-0.020534,0.067770,-0.008504,-0.004639,-0.007967,0.019382,-0.038281,0.085448,-0.033972,0.001232,-0.012483,-0.053320,-0.003241,-0.028557,0.015244,0.041539,0.015927,-0.056578,-0.040480,-0.031803,0.117302,-0.003531,0.035759,0.039946,-0.030067,0.017720,0.013641,0.007047,-0.038057,-0.011668,0.002700,-0.057760,0.037739,0.021664,-0.044071,0.031734,0.017538,0.008848,0.005804,0.017101,-0.001931,-0.011162,-0.028748,0.003293,-0.002099,-0.012110,-0.026074,0.014863,-0.027814,0.086012,-0.012290,-0.012509,-0.001264,-0.006237,0.015688,-0.043988,-0.023773,-0.001436,-0.022998,-0.007657,-0.034291,0.036157,-0.001380,0.000935,-0.035328,-0.024150,0.006038,0.001177,-0.043336,-0.018361,0.028782,-0.003686,0.012563,-0.023587,0.003489,0.028026,0.035371,0.029955,0.025847,0.014654,-0.015947,-0.035628,0.027429,-0.005661,-0.014974,-0.003414,-0.006834,0.004170,-0.000306,0.015144,-0.016352,-0.009132,0.004509,-0.013260,-0.027320,0.013187,-0.005822,0.011059,-0.027989,-0.006836,-0.002656,0.000294,0.010526,-0.016731,0.020170,-0.025753,0.023860,-0.014834,-0.020753,0.043283,0.040541,0.017607,0.026860,-0.010277,0.001219,-0.027249,0.018130,0.005477,-0.012237,-0.010472,-0.013053,0.008770,0.031293,0.043692,-0.009955,-0.012314,-0.008286,0.014123,0.014101,-0.003120,0.005462,0.000041,-0.007280,-0.010813,0.030955,0.002463,0.023329,-0.016374,-0.038975,0.020187,0.005666,0.016687,0.004079,0.003050,-0.002063,0.025486,0.025880,-0.005572,0.030688,-0.025617,0.016769,0.033329,0.015399,-0.012989,0.028214,-0.017662,0.027804,0.015981,0.006539,0.008534,0.003727,0.009051,-0.027510,0.002987,-0.024740,-0.004869,-0.004053,-0.016519,-0.003517,0.013201,-0.000614,0.006299,0.023515,0.014020,0.022048,0.012981,0.005070,-0.001310,-0.016482,-0.011629,0.020668,0.018350,-0.005088,-0.036997,0.012805,0.000338,-0.021408,-0.018557,-0.011582,-0.005995,-0.021181,-0.005226,0.029651,-0.004631,0.015248,0.015627,-0.024438,0.020140,0.00510... [truncated]"
time=2026-08-26T23:55:57.794+08:00 level=INFO msg="TagMatch: label=\"FRNS\" category=keyword similarity search returned totalCandidates=20 bestSimilarity=0.8132"
time=2026-08-26T23:55:57.794+08:00 level=INFO msg="TagMatch: label=\"FRNS\" category=keyword result=no_match reason=below_low_similarity bestSimilarity=0.8132"
time=2026-08-26T23:55:57.794+08:00 level=INFO msg="findOrCreateTag: label=\"FRNS\" category=keyword matchType=no_match"
time=2026-08-26T23:55:57.795+08:00 level=INFO msg="findOrCreateTag: label=\"FRNS\" category=keyword fallback=create_new"
time=2026-08-26T23:56:01.872+08:00 level=WARN msg="[SLOW SQL] 8455.273ms > 200ms | rows=13073 | SELECT id, merge_embedding FROM \"semantic_labels\" WHERE label_type = 'auxiliary' AND status = 'active' AND merge_embedding IS NOT NULL"
time=2026-08-26T23:56:02.965+08:00 level=INFO msg="findOrCreateTag: start label=\"诺尔西炼油厂\" slug=\"诺尔西炼油厂\" category=keyword source=llm"
time=2026-08-26T23:56:02.970+08:00 level=INFO msg="TagMatch: start label=\"诺尔西炼油厂\" slug=\"诺尔西炼油厂\" category=keyword threshold=0.92"
time=2026-08-26T23:56:02.975+08:00 level=WARN msg="auxiliary label dedup gate slow: label=\"北欧个股\" took=10.0575333s (>50ms), review L1/L2 (embedder/merge) performance"
time=2026-08-26T23:56:03.101+08:00 level=WARN msg="auxiliary label dedup gate slow: label=\"FRNS\" took=160.5457ms (>50ms), review L1/L2 (embedder/merge) performance"
time=2026-08-26T23:56:03.324+08:00 level=INFO msg="findOrCreateTag: start label=\"MSCI北欧国家指数\" slug=\"msci北欧国家指数\" category=keyword source=llm"
time=2026-08-26T23:56:03.325+08:00 level=INFO msg="TagMatch: start label=\"MSCI北欧国家指数\" slug=\"msci北欧国家指数\" category=keyword threshold=0.92"
time=2026-08-26T23:56:03.326+08:00 level=INFO msg="TagMatch: label=\"MSCI北欧国家指数\" category=keyword result=exact reason=slug existingID=118215 existingLabel=\"MSCI北欧国家指数\""
time=2026-08-26T23:56:03.326+08:00 level=INFO msg="findOrCreateTag: label=\"MSCI北欧国家指数\" category=keyword matchType=exact existingID=118215 existingLabel=\"MSCI北欧国家指数\""
time=2026-08-26T23:56:03.545+08:00 level=INFO msg="findOrCreateTag: start label=\"北欧医疗保健板块\" slug=\"北欧医疗保健板块\" category=keyword source=llm"
time=2026-08-26T23:56:03.548+08:00 level=INFO msg="TagMatch: start label=\"北欧医疗保健板块\" slug=\"北欧医疗保健板块\" category=keyword threshold=0.92"
time=2026-08-26T23:56:03.610+08:00 level=INFO msg="findOrCreateTag: start label=\"浮息国债\" slug=\"浮息国债\" category=keyword source=llm"
time=2026-08-26T23:56:03.610+08:00 level=INFO msg="TagMatch: start label=\"浮息国债\" slug=\"浮息国债\" category=keyword threshold=0.92"
time=2026-08-26T23:56:05.227+08:00 level=WARN msg="[SLOW SQL] 1329.206ms > 200ms | rows=20 | \n\t\tSELECT t.id AS tag_id, e.embedding <=> '[-0.000410,0.029533,-0.019528,0.010822,-0.003234,0.065724,0.037978,0.059925,0.060073,-0.011930,-0.004282,0.014468,0.016422,-0.053402,0.044738,-0.029471,0.019317,-0.058016,0.025997,-0.000033,-0.013082,0.014436,0.050581,0.040701,-0.059752,-0.055118,-0.029320,-0.022489,-0.006673,0.005589,0.021018,-0.032067,0.058459,0.030880,0.005711,-0.009757,-0.004554,0.001335,-0.068296,0.034079,0.022367,-0.011501,0.006167,0.022954,0.000701,-0.012712,0.013678,-0.016397,-0.007782,-0.026224,0.010241,-0.009123,0.007159,-0.019384,0.010636,-0.017677,0.129864,-0.006306,-0.020676,0.036972,-0.008262,0.008984,-0.031838,-0.044229,-0.000210,-0.011043,-0.036710,-0.042971,0.020056,0.016217,0.006056,-0.019126,-0.037478,0.001851,-0.002322,-0.021992,-0.006330,0.024991,-0.035331,-0.016189,-0.020261,0.024163,0.023145,0.022625,0.044392,0.009227,0.002313,-0.005611,-0.020905,0.006987,-0.004137,-0.026896,-0.002808,-0.031047,-0.010200,-0.020845,0.006945,-0.020122,0.018703,-0.001239,-0.009379,-0.012937,0.039533,-0.013944,0.019210,-0.009819,-0.023205,0.004610,0.005296,-0.003642,-0.017196,-0.008609,0.007515,0.032806,-0.009614,-0.017956,0.018620,-0.011554,0.005027,0.009645,-0.000602,0.014491,-0.009619,0.022544,0.021001,-0.043995,-0.000445,0.014301,0.009746,0.012229,0.063309,-0.028132,0.002751,0.001973,0.022158,-0.012899,0.005735,-0.014146,0.008609,0.003201,0.004215,0.026879,0.014002,0.011870,-0.020608,-0.034106,0.004592,0.019472,0.015468,-0.000202,0.014560,-0.000818,0.035754,0.024508,0.001461,0.007359,-0.014234,0.004999,0.028275,0.005884,-0.025124,0.011674,-0.013948,0.001456,0.001622,0.004199,0.033297,-0.009824,-0.007799,-0.033314,0.025559,-0.028119,-0.006007,-0.014368,-0.020445,-0.016082,-0.019537,-0.025268,0.005725,0.022548,0.000785,0.008062,0.008864,-0.010551,0.020616,0.019486,0.006296,0.009746,0.007463,-0.005276,-0.045100,0.023323,-0.008310,-0.006382,-0.017452,-0.024170,-0.000900,-0.024965,0.006610,0.030661,0.005353,0.000000,0.021788,0.005437,-0.003640,-0.008514,0.... [truncated]"
time=2026-08-26T23:56:05.228+08:00 level=INFO msg="TagMatch: label=\"北欧医疗保健板块\" category=keyword similarity search returned totalCandidates=20 bestSimilarity=0.8420"
time=2026-08-26T23:56:05.228+08:00 level=INFO msg="TagMatch: label=\"北欧医疗保健板块\" category=keyword result=no_match reason=below_low_similarity bestSimilarity=0.8420"
time=2026-08-26T23:56:05.229+08:00 level=INFO msg="findOrCreateTag: label=\"北欧医疗保健板块\" category=keyword matchType=no_match"
time=2026-08-26T23:56:05.230+08:00 level=INFO msg="findOrCreateTag: label=\"北欧医疗保健板块\" category=keyword fallback=create_new"
time=2026-08-26T23:56:05.234+08:00 level=WARN msg="[SLOW SQL] 1338.635ms > 200ms | rows=20 | \n\t\tSELECT t.id AS tag_id, e.embedding <=> '[-0.000358,0.038626,-0.036001,0.020570,-0.002942,0.055065,0.034609,0.062993,0.057505,-0.014353,-0.007884,0.003577,0.021861,-0.024052,0.085673,-0.010644,0.006050,-0.036222,0.045694,0.002538,-0.018610,0.030090,0.041678,0.027756,-0.039779,-0.018022,-0.029601,0.040297,0.001584,0.020221,0.003663,-0.025804,0.070598,0.013212,0.007517,-0.031743,-0.014125,0.000449,-0.031330,0.000493,0.028441,-0.046816,0.022654,0.014956,-0.010522,0.007425,0.003586,0.009312,-0.006159,-0.030202,0.011241,-0.001541,0.048556,-0.006229,0.010199,-0.020387,0.124384,-0.002425,-0.011171,0.011613,-0.006071,0.006657,0.007402,-0.017996,0.003932,-0.005554,0.010912,0.021762,0.024293,-0.009328,0.025929,-0.054713,-0.021617,0.023726,-0.002382,-0.039362,-0.007622,0.032876,-0.017495,-0.012722,-0.004274,-0.000073,0.022356,0.005649,0.038592,0.020795,-0.001321,0.000490,-0.036970,0.024566,-0.011489,-0.006607,0.008588,-0.022246,-0.000794,-0.028003,-0.002469,-0.007154,0.005857,0.006041,-0.016725,-0.035560,0.028874,-0.012214,0.007566,-0.020095,-0.010177,-0.009980,0.019316,0.002377,-0.020352,-0.007261,-0.017566,0.019033,-0.008414,-0.042015,0.003432,0.027475,0.022847,0.007504,0.008074,0.027402,-0.018031,0.002673,0.023069,-0.013297,-0.002849,0.001298,0.020089,0.018437,0.060856,0.009401,0.011416,-0.013124,-0.010283,0.023351,-0.025615,0.020368,-0.001331,-0.003880,-0.013982,0.029152,0.015790,0.009375,-0.007845,-0.034919,0.027156,0.033021,-0.001004,0.006621,0.010149,0.020994,0.016079,0.022885,-0.002775,-0.002758,-0.031909,0.016656,0.014143,0.022323,-0.032700,0.022005,-0.010589,0.020600,0.027210,0.005460,0.038066,0.012112,0.011248,-0.018117,-0.010369,-0.026313,-0.003865,-0.016596,-0.022401,0.029424,-0.018410,-0.013074,0.004597,0.024573,0.002703,-0.007764,-0.015628,-0.010185,0.010666,0.005511,-0.015956,0.042258,0.017982,-0.018536,-0.047223,0.020338,0.001527,-0.019475,-0.010884,-0.036099,-0.000686,0.002140,-0.013711,0.039305,0.008695,0.009825,0.019665,-0.011905,0.014279,-0.021707,0.0129... [truncated]"
time=2026-08-26T23:56:05.238+08:00 level=INFO msg="TagMatch: label=\"诺尔西炼油厂\" category=keyword similarity search returned totalCandidates=20 bestSimilarity=0.7515"
time=2026-08-26T23:56:05.240+08:00 level=INFO msg="TagMatch: label=\"诺尔西炼油厂\" category=keyword result=no_match reason=below_low_similarity bestSimilarity=0.7515"
time=2026-08-26T23:56:05.240+08:00 level=INFO msg="findOrCreateTag: label=\"诺尔西炼油厂\" category=keyword matchType=no_match"
time=2026-08-26T23:56:05.241+08:00 level=INFO msg="findOrCreateTag: label=\"诺尔西炼油厂\" category=keyword fallback=create_new"
time=2026-08-26T23:56:05.444+08:00 level=INFO msg="Successfully tagged article 118868"
time=2026-08-26T23:56:05.447+08:00 level=INFO msg="Successfully tagged article 118869"
time=2026-08-26T23:56:05.583+08:00 level=WARN msg="[SLOW SQL] 1547.427ms > 200ms | rows=20 | \n\t\tSELECT t.id AS tag_id, e.embedding <=> '[-0.000051,-0.007297,0.036801,-0.020002,-0.001305,0.037002,0.051612,-0.034581,0.051571,-0.002799,-0.020924,-0.042315,0.011476,-0.035885,0.042925,-0.023281,0.016495,-0.021204,0.014154,-0.003037,-0.017531,0.043260,0.020045,0.014075,-0.081776,-0.037176,-0.030310,0.050761,-0.018452,0.012102,0.004023,-0.030310,0.049712,0.012472,0.004852,-0.023941,0.006856,-0.003374,0.005841,0.034500,0.023897,-0.022271,0.032112,0.008402,-0.017806,-0.010609,0.009711,0.029582,-0.007012,-0.010912,0.007379,0.002210,-0.014137,-0.003799,-0.017475,-0.046097,0.097944,-0.008101,0.013609,0.028503,-0.006724,0.011764,-0.058193,-0.012815,-0.007531,-0.019360,-0.026734,-0.028180,0.026373,0.008340,0.008188,0.001679,-0.013903,0.011795,-0.006166,-0.022509,-0.009846,0.026188,-0.001195,0.008181,-0.017025,0.015749,0.028100,0.029068,0.030962,0.006934,0.021599,-0.008550,-0.046082,-0.010063,0.001199,0.006369,-0.006817,0.007498,-0.001170,-0.008492,-0.003257,-0.023164,0.002636,0.003673,0.003511,-0.009948,-0.001761,-0.025701,0.002833,-0.017613,-0.014402,0.006617,-0.011019,-0.010471,-0.014716,0.011361,-0.013402,0.019949,-0.010378,-0.016219,0.055735,0.007007,0.003542,-0.020702,0.000359,-0.002296,-0.021477,0.018126,0.009404,-0.034829,-0.007693,-0.006314,0.014238,0.022213,0.022589,-0.007153,0.007394,-0.010385,0.007183,0.007370,-0.024475,-0.000305,0.033818,-0.002168,-0.003185,0.014305,-0.006279,-0.007727,-0.000020,-0.014214,0.019254,0.007145,0.016007,-0.005760,0.002758,0.019187,0.000550,0.015338,-0.008185,0.020852,-0.026598,0.009215,0.020110,-0.002380,-0.017136,0.014688,-0.047805,0.047434,0.018225,-0.004606,-0.004728,0.000991,-0.004038,-0.001148,0.021429,-0.012128,-0.002768,-0.011551,-0.029023,-0.014521,0.009104,-0.001518,-0.004621,0.024250,-0.001120,0.008499,0.022745,-0.006267,0.012964,0.003058,0.008639,0.004387,0.027600,-0.012269,-0.043624,0.010898,0.000197,-0.023049,-0.021926,-0.001839,-0.008082,-0.019242,-0.031554,0.035061,0.010829,0.013393,0.002585,0.013127,0.006972,0.0013... [truncated]"
time=2026-08-26T23:56:05.584+08:00 level=INFO msg="TagMatch: label=\"浮息国债\" category=keyword similarity search returned totalCandidates=20 bestSimilarity=0.8256"
time=2026-08-26T23:56:05.588+08:00 level=INFO msg="TagMatch: label=\"浮息国债\" category=keyword result=no_match reason=below_low_similarity bestSimilarity=0.8256"
time=2026-08-26T23:56:05.588+08:00 level=INFO msg="findOrCreateTag: label=\"浮息国债\" category=keyword matchType=no_match"
time=2026-08-26T23:56:05.591+08:00 level=INFO msg="findOrCreateTag: label=\"浮息国债\" category=keyword fallback=create_new"
time=2026-08-26T23:56:10.397+08:00 level=INFO msg="findOrCreateTag: start label=\"HAANA\" slug=\"haana\" category=keyword source=llm"
time=2026-08-26T23:56:10.398+08:00 level=INFO msg="TagMatch: start label=\"HAANA\" slug=\"haana\" category=keyword threshold=0.92"
time=2026-08-26T23:56:11.666+08:00 level=INFO msg="findOrCreateTag: start label=\"DAX 30 指数\" slug=\"dax 30 指数\" category=keyword source=llm"
time=2026-08-26T23:56:11.666+08:00 level=INFO msg="TagMatch: start label=\"DAX 30 指数\" slug=\"dax 30 指数\" category=keyword threshold=0.92"
time=2026-08-26T23:56:11.667+08:00 level=INFO msg="TagMatch: label=\"DAX 30 指数\" category=keyword result=exact reason=slug existingID=118225 existingLabel=\"DAX 30 指数\""
time=2026-08-26T23:56:11.668+08:00 level=INFO msg="findOrCreateTag: label=\"DAX 30 指数\" category=keyword matchType=exact existingID=118225 existingLabel=\"DAX 30 指数\""
time=2026-08-26T23:56:12.818+08:00 level=WARN msg="[SLOW SQL] 1846.471ms > 200ms | rows=20 | \n\t\tSELECT t.id AS tag_id, e.embedding <=> '[-0.000055,0.015470,-0.025475,-0.018380,-0.001189,0.046649,0.072173,0.020876,0.057315,0.048783,0.000164,-0.010367,0.013763,-0.065492,0.089556,-0.029449,0.001481,-0.035807,0.010015,-0.006113,-0.021232,0.003997,0.068637,0.023952,-0.068154,-0.043549,-0.023555,0.125199,0.021349,0.063114,0.030845,-0.034694,0.033989,-0.003287,0.005199,-0.022571,0.007973,-0.000552,-0.067732,0.020979,0.017788,-0.047108,0.041366,0.022073,0.068293,0.025180,0.012067,0.009165,-0.013027,-0.024731,0.000988,-0.001997,-0.003055,-0.025876,0.036925,0.008763,0.088679,-0.018206,-0.019535,-0.001265,-0.008253,0.008314,-0.043959,-0.018841,0.001650,-0.019291,0.007124,-0.032457,0.024042,0.014375,0.013630,-0.024396,-0.016730,0.013051,0.013765,-0.038777,-0.005308,0.032100,-0.004176,-0.003123,-0.027391,-0.005104,0.031620,0.035405,0.038513,-0.007255,0.018533,-0.001384,-0.010327,0.008224,0.006522,-0.004738,0.001647,-0.003932,-0.000857,0.005711,0.020331,-0.012389,-0.006393,0.007653,-0.007638,-0.034416,0.046654,0.002065,0.041200,-0.024405,-0.007387,0.017397,0.001313,-0.015550,0.000905,0.010626,-0.005037,0.028296,-0.004506,-0.019770,0.040066,0.034441,0.007638,0.052630,-0.003909,0.016695,-0.004422,0.022920,0.010428,-0.016236,-0.014285,0.013216,0.005810,0.030130,0.024585,-0.018634,-0.015565,-0.020017,0.025235,-0.001012,-0.027727,0.022392,0.010638,0.007929,-0.005186,0.026516,0.004694,0.013512,-0.019315,-0.050781,-0.006181,0.023260,0.017817,0.005685,0.005621,0.004714,0.044136,0.022384,0.005244,0.009936,-0.015213,0.000728,0.030290,0.024735,-0.026508,0.019306,-0.021780,0.035568,0.016918,0.006156,0.035538,0.006309,-0.004582,-0.020293,0.003911,-0.020285,0.000174,-0.002560,-0.014100,-0.012066,0.003559,-0.011696,0.006168,0.028607,0.017335,-0.009681,0.013768,0.004763,0.008053,-0.006933,-0.017225,0.016900,0.015564,-0.013793,-0.041313,0.014796,-0.014369,-0.014191,-0.020462,-0.020679,-0.009829,-0.016170,-0.001198,0.041194,-0.009472,0.029731,0.001738,-0.031357,0.013163,0.001415,0.004344,... [truncated]"
time=2026-08-26T23:56:12.820+08:00 level=INFO msg="TagMatch: label=\"HAANA\" category=keyword similarity search returned totalCandidates=20 bestSimilarity=0.8185"
time=2026-08-26T23:56:12.822+08:00 level=INFO msg="TagMatch: label=\"HAANA\" category=keyword result=no_match reason=below_low_similarity bestSimilarity=0.8185"
time=2026-08-26T23:56:12.822+08:00 level=INFO msg="findOrCreateTag: label=\"HAANA\" category=keyword matchType=no_match"
time=2026-08-26T23:56:12.824+08:00 level=INFO msg="findOrCreateTag: label=\"HAANA\" category=keyword fallback=create_new"
time=2026-08-26T23:56:13.691+08:00 level=WARN msg="[SLOW SQL] 7878.434ms > 200ms | rows=13076 | SELECT id, merge_embedding FROM \"semantic_labels\" WHERE label_type = 'auxiliary' AND status = 'active' AND merge_embedding IS NOT NULL"
time=2026-08-26T23:56:14.976+08:00 level=INFO msg="findOrCreateTag: start label=\"欧洲主要股指初步收涨\" slug=\"欧洲主要股指初步收涨\" category=event source=llm"
time=2026-08-26T23:56:14.976+08:00 level=INFO msg="TagMatch: start label=\"欧洲主要股指初步收涨\" slug=\"欧洲主要股指初步收涨\" category=event threshold=0.92"
time=2026-08-26T23:56:14.993+08:00 level=WARN msg="auxiliary label dedup gate slow: label=\"浮息国债\" took=9.3955284s (>50ms), review L1/L2 (embedder/merge) performance"
time=2026-08-26T23:56:15.114+08:00 level=WARN msg="auxiliary label dedup gate slow: label=\"HAANA\" took=153.8222ms (>50ms), review L1/L2 (embedder/merge) performance"
time=2026-08-26T23:56:15.405+08:00 level=INFO msg="findOrCreateTag: start label=\"美国财政部\" slug=\"美国财政部\" category=keyword source=llm"
time=2026-08-26T23:56:15.408+08:00 level=INFO msg="TagMatch: start label=\"美国财政部\" slug=\"美国财政部\" category=keyword threshold=0.92"
time=2026-08-26T23:56:15.409+08:00 level=INFO msg="TagMatch: label=\"美国财政部\" category=keyword result=exact reason=slug existingID=111670 existingLabel=\"美国财政部\""
time=2026-08-26T23:56:15.410+08:00 level=INFO msg="findOrCreateTag: label=\"美国财政部\" category=keyword matchType=exact existingID=111670 existingLabel=\"美国财政部\""
time=2026-08-26T23:56:15.624+08:00 level=INFO msg="findOrCreateTag: start label=\"美国财政部拍卖两年期浮息国债\" slug=\"美国财政部拍卖两年期浮息国债\" category=event source=llm"
time=2026-08-26T23:56:15.624+08:00 level=INFO msg="TagMatch: start label=\"美国财政部拍卖两年期浮息国债\" slug=\"美国财政部拍卖两年期浮息国债\" category=event threshold=0.92"
time=2026-08-26T23:56:15.975+08:00 level=INFO msg="findOrCreateTag: start label=\"印度油轮HAANA被迫放弃阿曼走廊通行\" slug=\"印度油轮haana被迫放弃阿曼走廊通行\" category=event source=llm"
time=2026-08-26T23:56:15.975+08:00 level=INFO msg="TagMatch: start label=\"印度油轮HAANA被迫放弃阿曼走廊通行\" slug=\"印度油轮haana被迫放弃阿曼走廊通行\" category=event threshold=0.92"
time=2026-08-26T23:56:17.762+08:00 level=WARN msg="[SLOW SQL] 1599.423ms > 200ms | rows=20 | \n\t\tSELECT t.id AS tag_id, e.embedding <=> '[-0.000224,-0.023205,0.023180,-0.025322,-0.001779,0.053841,0.029846,-0.018300,0.045756,0.066448,-0.038863,-0.033866,0.010201,-0.028807,0.062954,-0.027363,0.013250,-0.012482,0.044001,-0.001287,-0.013629,0.067444,0.082873,-0.011345,-0.055446,-0.019782,-0.026875,0.000504,-0.018482,0.042777,-0.009294,0.003976,0.071286,0.015334,0.004113,-0.019537,0.019512,-0.001947,0.007081,0.061335,0.022267,-0.005993,0.032244,0.007371,-0.007985,0.000828,0.003248,0.015126,-0.000978,-0.025992,0.008025,-0.004098,-0.011733,-0.008111,-0.041768,-0.055814,0.087572,-0.001496,0.009871,-0.002769,-0.010528,-0.018111,-0.022036,-0.003942,-0.007535,-0.025674,-0.036273,-0.045765,0.023511,0.004282,0.014900,-0.015001,-0.000838,0.001059,-0.001408,-0.019115,-0.010815,0.024460,-0.002481,-0.003330,-0.022732,0.016696,0.022771,-0.000772,0.024162,-0.011497,0.019803,-0.005230,-0.028616,-0.005132,-0.000528,0.031377,0.005102,0.008818,0.010775,-0.015995,0.004695,-0.011380,-0.016309,-0.001371,-0.003065,-0.013813,-0.005647,-0.025243,-0.037281,-0.018742,-0.024451,0.009936,-0.004424,-0.004439,-0.008272,0.012924,-0.003260,0.019876,-0.024180,-0.006367,0.021210,-0.024605,-0.009984,-0.034844,-0.002596,0.014541,-0.019785,0.015711,0.018642,0.004860,-0.004218,-0.003400,0.020656,0.008534,0.033678,-0.009703,-0.001244,-0.006380,-0.016223,0.010181,-0.015328,-0.005674,0.012261,-0.001789,-0.006779,0.016433,-0.002083,0.014159,-0.010077,0.003694,0.011519,0.021450,0.004277,0.003812,-0.002767,0.004336,-0.010360,0.008498,-0.013653,0.015608,-0.017473,0.010726,-0.002581,0.004130,-0.016167,0.005433,-0.028363,0.040205,0.018283,-0.004500,0.017823,-0.019527,-0.014519,0.004686,-0.001363,-0.015143,-0.004428,-0.008700,-0.021269,-0.007748,0.000323,-0.010154,-0.007996,0.024335,-0.022318,-0.004031,0.009541,-0.001816,0.015801,0.012187,-0.006837,0.017151,0.037655,-0.010065,-0.058323,0.025170,-0.001859,-0.005432,-0.016162,0.012260,-0.001649,-0.011433,-0.041798,0.031119,-0.004138,0.014123,-0.004253,0.014873,0... [truncated]"
time=2026-08-26T23:56:17.763+08:00 level=INFO msg="TagMatch: label=\"美国财政部拍卖两年期浮息国债\" category=event similarity search returned totalCandidates=20 bestSimilarity=0.8492"
time=2026-08-26T23:56:17.764+08:00 level=INFO msg="TagMatch: label=\"美国财政部拍卖两年期浮息国债\" category=event result=no_match reason=below_low_similarity bestSimilarity=0.8492"
time=2026-08-26T23:56:17.764+08:00 level=INFO msg="findOrCreateTag: label=\"美国财政部拍卖两年期浮息国债\" category=event matchType=no_match"
time=2026-08-26T23:56:17.764+08:00 level=INFO msg="findOrCreateTag: label=\"美国财政部拍卖两年期浮息国债\" category=event fallback=create_new"
time=2026-08-26T23:56:18.021+08:00 level=WARN msg="[SLOW SQL] 248.457ms > 200ms | rows=14477 | SELECT id, label, slug, label_type, aliases, ref_count, description, status, protected, source, display_order, created_at, updated_at FROM \"semantic_labels\" WHERE label_type = 'auxiliary' AND status = 'active'"
time=2026-08-26T23:56:18.077+08:00 level=WARN msg="[SLOW SQL] 1667.620ms > 200ms | rows=20 | \n\t\tSELECT t.id AS tag_id, e.embedding <=> '[-0.000179,-0.024128,-0.013725,-0.010204,-0.001539,0.057499,0.019766,0.047804,0.052434,-0.015985,-0.004426,-0.016268,0.011254,-0.043688,0.127754,0.013714,-0.005666,-0.035304,0.049660,-0.001595,-0.015596,0.034061,0.062995,-0.026324,-0.019964,-0.003817,-0.031488,-0.020810,-0.001387,0.026974,-0.028688,-0.028584,0.039804,0.032979,-0.001678,-0.009428,0.003908,-0.001007,-0.035809,0.067076,0.021152,-0.074040,0.023029,0.006297,0.021923,-0.009165,0.007759,-0.038296,0.009836,-0.034711,0.013390,0.000499,0.046459,-0.007604,0.020266,-0.045208,0.090987,-0.008338,0.006905,0.006604,-0.006222,-0.004366,-0.010876,-0.002081,-0.003320,-0.017082,-0.018309,0.039906,0.009512,0.011063,-0.001152,-0.052777,-0.013589,0.003475,0.023120,-0.029134,-0.015738,0.040522,-0.019899,-0.023990,-0.032396,0.011498,0.031950,-0.009894,0.031634,-0.011819,0.012028,0.001266,-0.029337,0.005148,0.002908,-0.008737,0.010188,0.016766,0.009045,-0.003838,0.013545,-0.008773,-0.020896,0.005765,-0.006895,-0.019208,0.010153,0.002955,0.026141,-0.022097,-0.036029,0.018599,0.005951,0.006907,0.005428,0.004818,-0.006114,0.016825,-0.005363,-0.029436,-0.025908,0.006109,0.002292,0.031317,0.010104,0.027122,0.012199,0.025493,0.005208,-0.009941,-0.007130,0.006010,0.002007,0.016613,0.054053,-0.020161,0.017196,-0.034982,-0.022425,-0.015050,-0.012096,0.009718,-0.000622,0.004779,-0.003806,0.017203,0.019457,-0.005093,-0.010366,-0.054494,0.001109,0.010455,0.007691,0.008708,0.009606,-0.006573,0.005080,-0.003307,0.020820,0.026883,-0.011835,0.022018,0.012345,0.017805,-0.012550,0.007620,0.023507,0.062866,0.031984,-0.007482,0.035986,-0.001534,-0.022672,-0.027559,-0.014519,-0.033118,-0.003238,-0.001193,-0.018236,-0.019045,-0.000780,-0.015469,0.007890,0.020629,-0.004207,-0.049406,-0.001667,-0.008622,0.026259,-0.014787,-0.018363,0.020290,0.010368,-0.003404,-0.057790,0.002263,-0.009912,-0.020038,0.000998,-0.010885,-0.012596,-0.008525,-0.000780,0.022683,-0.037108,0.020697,0.045491,-0.014071,-0.007618,-0.0... [truncated]"
time=2026-08-26T23:56:18.079+08:00 level=INFO msg="TagMatch: label=\"印度油轮HAANA被迫放弃阿曼走廊通行\" category=event similarity search returned totalCandidates=20 bestSimilarity=0.7913"
time=2026-08-26T23:56:18.080+08:00 level=INFO msg="TagMatch: label=\"印度油轮HAANA被迫放弃阿曼走廊通行\" category=event result=no_match reason=below_low_similarity bestSimilarity=0.7913"
time=2026-08-26T23:56:18.080+08:00 level=INFO msg="findOrCreateTag: label=\"印度油轮HAANA被迫放弃阿曼走廊通行\" category=event matchType=no_match"
time=2026-08-26T23:56:18.081+08:00 level=INFO msg="findOrCreateTag: label=\"印度油轮HAANA被迫放弃阿曼走廊通行\" category=event fallback=create_new"
time=2026-08-26T23:56:18.332+08:00 level=WARN msg="[SLOW SQL] 2408.811ms > 200ms | rows=20 | \n\t\tSELECT t.id AS tag_id, e.embedding <=> '[-0.000506,0.006701,0.004570,0.019358,-0.003289,0.074670,0.038606,0.031585,0.041524,0.052238,-0.015462,0.026365,0.012547,-0.007229,0.066274,-0.037084,-0.015338,-0.028751,-0.021931,0.002952,-0.009256,0.052771,0.035538,0.030836,-0.063425,-0.030815,-0.029913,-0.044387,-0.008884,-0.024793,0.012111,-0.006053,0.006995,0.042429,0.004872,-0.006089,-0.001572,-0.001927,-0.001899,0.071644,0.040695,-0.029159,0.013242,0.012481,-0.005538,0.022942,0.013281,-0.003144,0.013542,-0.032808,0.013915,-0.008348,-0.002240,-0.019916,0.000413,-0.039691,0.090631,-0.006381,0.004409,0.009759,-0.013290,-0.005821,-0.030147,-0.008740,-0.001660,-0.026876,-0.031729,-0.038549,0.021422,0.006067,-0.019285,-0.061597,-0.001085,-0.007375,0.026984,-0.023039,-0.004104,0.000235,-0.015360,-0.003321,-0.042208,0.018684,0.035459,0.015709,0.049594,0.030612,0.002145,-0.010455,-0.038899,-0.001126,0.009998,-0.013906,0.002160,0.028928,-0.006245,-0.001784,-0.008537,-0.006623,-0.007615,-0.005248,-0.004662,-0.016840,-0.005115,-0.011585,0.038414,-0.011285,-0.031211,-0.014302,0.005029,0.007375,-0.012091,0.007125,0.028113,0.003412,0.012409,-0.012469,0.027928,-0.022438,-0.004549,-0.007805,0.003153,0.009364,-0.008242,-0.003680,-0.007717,-0.024706,-0.000771,-0.005738,0.016648,0.023557,0.055486,-0.009626,0.008492,-0.002083,0.001858,0.005760,0.000721,-0.003252,0.001119,-0.001426,0.010688,0.026510,-0.007052,0.033973,-0.004900,-0.009428,0.001102,-0.002757,0.006496,0.002919,0.019820,0.003433,0.011159,0.010192,-0.002682,0.008643,-0.026940,0.008904,0.011045,0.001886,0.007691,0.010168,0.004997,0.063673,-0.003118,0.008519,0.029698,-0.004163,-0.003362,-0.016587,-0.011990,-0.023328,-0.007977,-0.008164,-0.023048,-0.010339,-0.006359,-0.026719,-0.000543,-0.008161,-0.004059,-0.007672,0.029782,0.008479,0.033477,-0.009489,-0.009781,0.000758,0.012133,-0.008818,-0.059742,0.068009,0.008544,0.009140,0.007465,-0.032092,0.000821,-0.002539,-0.034661,0.024726,-0.009102,0.012322,0.014730,0.007514,-0.000765,-0... [truncated]"
time=2026-08-26T23:56:18.336+08:00 level=INFO msg="TagMatch: label=\"欧洲主要股指初步收涨\" category=event similarity search returned totalCandidates=20 bestSimilarity=0.9129"
time=2026-08-26T23:56:18.336+08:00 level=INFO msg="TagMatch: label=\"欧洲主要股指初步收涨\" category=event result=no_match reason=below_low_similarity bestSimilarity=0.9129"
time=2026-08-26T23:56:18.336+08:00 level=INFO msg="findOrCreateTag: label=\"欧洲主要股指初步收涨\" category=event matchType=no_match"
time=2026-08-26T23:56:18.338+08:00 level=INFO msg="findOrCreateTag: label=\"欧洲主要股指初步收涨\" category=event fallback=create_new"
time=2026-08-26T23:56:19.429+08:00 level=INFO msg="Generated description + 4 keywords for event tag 130297 (美国财政部拍卖两年期浮息国债): [美国财政部 两年期浮息国债 拍卖 贴现利率]"
time=2026-08-26T23:56:19.760+08:00 level=INFO msg="Generated description + 5 keywords for event tag 130298 (印度油轮HAANA被迫放弃阿曼走廊通行): [印度油轮 HAANA 阿曼走廊 警告 放弃通行]"
time=2026-08-26T23:56:20.769+08:00 level=INFO msg="Generated description + 5 keywords for event tag 130299 (欧洲主要股指初步收涨): [欧洲股指 DAX 30 收涨 德国 法国]"
time=2026-08-26T23:56:25.816+08:00 level=WARN msg="[SLOW SQL] 7478.344ms > 200ms | rows=13078 | SELECT id, merge_embedding FROM \"semantic_labels\" WHERE label_type = 'auxiliary' AND status = 'active' AND merge_embedding IS NOT NULL"
time=2026-08-26T23:56:26.968+08:00 level=WARN msg="auxiliary label dedup gate slow: label=\"0.055%\" took=8.9291692s (>50ms), review L1/L2 (embedder/merge) performance"
time=2026-08-26T23:56:26.968+08:00 level=WARN msg="auxiliary label dedup gate slow: label=\"印度油轮\" took=8.877579s (>50ms), review L1/L2 (embedder/merge) performance"
time=2026-08-26T23:56:27.002+08:00 level=INFO msg="Successfully tagged article 118873"
time=2026-08-26T23:56:27.502+08:00 level=INFO msg="Successfully tagged article 118871"
time=2026-08-26T23:56:31.130+08:00 level=INFO msg="findOrCreateTag: start label=\"STOXX 50\" slug=\"stoxx 50\" category=keyword source=llm"
time=2026-08-26T23:56:31.130+08:00 level=INFO msg="TagMatch: start label=\"STOXX 50\" slug=\"stoxx 50\" category=keyword threshold=0.92"
time=2026-08-26T23:56:33.807+08:00 level=WARN msg="[SLOW SQL] 2056.749ms > 200ms | rows=20 | \n\t\tSELECT t.id AS tag_id, e.embedding <=> '[-0.000192,0.008691,-0.012880,0.007055,-0.001537,0.065751,0.046230,-0.039408,0.034076,0.031650,-0.005835,0.017521,0.009357,-0.050622,0.076415,-0.025117,-0.010681,-0.030345,-0.012575,-0.004272,-0.010822,0.040734,0.008366,0.041692,-0.082993,-0.014927,-0.025288,0.093884,-0.028435,0.060400,0.037244,-0.011746,0.114438,0.025137,0.005976,-0.018206,-0.006130,-0.007444,0.017950,0.055243,0.027805,-0.025183,0.019742,0.008165,0.034049,0.022946,0.006747,-0.009375,-0.003132,-0.018511,0.011294,-0.010346,0.019133,-0.010402,0.005596,-0.015708,0.070509,-0.006493,-0.001400,0.009951,-0.007004,0.019009,-0.023623,-0.029388,-0.004804,-0.009399,-0.021735,-0.044686,0.019874,-0.026981,-0.013215,-0.056742,-0.008381,-0.019901,0.013430,-0.014957,-0.002221,0.011197,-0.035329,0.016449,-0.029694,0.021091,0.035050,0.023716,0.034212,0.003998,0.010124,-0.006762,-0.009279,-0.015080,0.008168,-0.017087,0.006043,0.016970,0.009420,-0.005372,0.009817,-0.013038,-0.015268,-0.001469,0.002996,-0.052110,0.036393,-0.031426,0.014244,-0.023423,-0.021672,-0.022731,0.013583,0.007685,0.010388,0.000723,-0.025449,0.019226,0.008069,-0.015291,0.046452,0.004972,0.018824,0.016912,-0.002435,0.017952,-0.019203,0.014200,0.013497,-0.024325,0.006585,0.008768,0.012072,0.025429,0.046479,-0.003758,-0.000044,-0.019471,-0.029438,0.014836,0.007425,0.005531,-0.003860,-0.006117,0.000123,0.029546,-0.015035,0.017435,-0.020690,-0.009723,0.007762,-0.018737,0.015353,-0.001251,-0.009598,0.004838,0.017312,-0.000897,0.019545,0.023590,-0.021216,0.028568,0.014749,0.010884,-0.011480,0.012737,-0.007576,-0.000173,-0.009418,-0.002813,-0.010224,0.022492,-0.005154,-0.023053,-0.000030,-0.028376,0.001091,-0.014087,-0.024224,0.007157,0.020326,-0.007422,-0.009509,0.024923,-0.000983,0.020616,0.009878,-0.005555,0.017389,0.001626,0.016782,-0.000557,0.007208,-0.012471,-0.015780,0.035579,0.026061,-0.012746,-0.026741,-0.010528,0.008414,-0.008135,-0.009486,0.043743,-0.027210,0.043764,0.008240,0.009256,0.004407,-0.015687... [truncated]"
time=2026-08-26T23:56:33.808+08:00 level=INFO msg="TagMatch: label=\"STOXX 50\" category=keyword similarity search returned totalCandidates=20 bestSimilarity=0.8863"
time=2026-08-26T23:56:33.809+08:00 level=INFO msg="TagMatch: label=\"STOXX 50\" category=keyword result=no_match reason=below_low_similarity bestSimilarity=0.8863"
time=2026-08-26T23:56:33.809+08:00 level=INFO msg="findOrCreateTag: label=\"STOXX 50\" category=keyword matchType=no_match"
time=2026-08-26T23:56:33.810+08:00 level=INFO msg="findOrCreateTag: label=\"STOXX 50\" category=keyword fallback=create_new"
time=2026-08-26T23:56:35.165+08:00 level=INFO msg="findOrCreateTag: start label=\"GLM-5.3 Flash\" slug=\"glm-5-3 flash\" category=keyword source=llm"
time=2026-08-26T23:56:35.166+08:00 level=INFO msg="TagMatch: start label=\"GLM-5.3 Flash\" slug=\"glm-5-3 flash\" category=keyword threshold=0.92"
time=2026-08-26T23:56:35.265+08:00 level=WARN msg="[SLOW SQL] 7415.136ms > 200ms | rows=13080 | SELECT id, merge_embedding FROM \"semantic_labels\" WHERE label_type = 'auxiliary' AND status = 'active' AND merge_embedding IS NOT NULL"
time=2026-08-26T23:56:36.757+08:00 level=WARN msg="auxiliary label dedup gate slow: label=\"阿曼走廊\" took=9.1099405s (>50ms), review L1/L2 (embedder/merge) performance"
time=2026-08-26T23:56:36.953+08:00 level=WARN msg="auxiliary label dedup gate slow: label=\"STOXX 50\" took=226.404ms (>50ms), review L1/L2 (embedder/merge) performance"
time=2026-08-26T23:56:37.499+08:00 level=WARN msg="[SLOW SQL] 264.603ms > 200ms | rows=14480 | SELECT id, label, slug, label_type, aliases, ref_count, description, status, protected, source, display_order, created_at, updated_at FROM \"semantic_labels\" WHERE label_type = 'auxiliary' AND status = 'active'"
time=2026-08-26T23:56:37.739+08:00 level=INFO msg="findOrCreateTag: start label=\"STOXX 600\" slug=\"stoxx 600\" category=keyword source=llm"
time=2026-08-26T23:56:37.739+08:00 level=INFO msg="TagMatch: start label=\"STOXX 600\" slug=\"stoxx 600\" category=keyword threshold=0.92"
time=2026-08-26T23:56:37.889+08:00 level=WARN msg="[SLOW SQL] 2335.956ms > 200ms | rows=20 | \n\t\tSELECT t.id AS tag_id, e.embedding <=> '[-0.000253,0.001718,0.004136,0.001022,-0.002280,0.058325,0.056424,-0.018860,0.055379,0.044556,0.016936,0.009135,0.012692,-0.051001,0.100258,-0.044177,0.008154,-0.037669,0.037775,-0.004670,-0.020176,0.050475,-0.004853,0.028301,-0.099548,-0.026170,-0.032061,0.049913,0.004470,0.043725,0.025071,-0.017557,0.087385,0.008713,0.007929,-0.036658,0.006434,-0.004185,-0.042745,0.012440,0.013747,-0.032406,0.028379,0.016577,0.005926,0.022579,0.009123,-0.006602,-0.038438,-0.009424,0.002255,0.003140,-0.008470,-0.017854,0.006265,-0.001303,0.096256,-0.007401,0.007246,0.016266,-0.006885,0.026207,-0.023507,-0.009956,-0.000885,-0.024285,-0.003406,0.004579,0.036289,0.009403,0.020710,-0.010793,-0.030174,0.014475,0.023291,-0.035635,-0.013531,0.027214,-0.024709,0.006692,-0.029402,-0.003070,0.024132,0.053035,0.047075,-0.002699,0.006905,-0.015662,-0.006507,0.003999,0.002700,-0.009270,-0.013013,-0.016274,0.000284,-0.000499,0.017926,-0.018495,0.017126,0.003227,-0.011998,-0.043642,0.052119,-0.031503,0.051538,-0.030410,0.001292,0.014177,0.008492,-0.004819,-0.011373,0.013304,-0.004721,0.005714,0.013238,0.002625,0.032481,0.057801,0.011990,0.031812,-0.007807,0.029173,-0.005603,0.022632,0.025601,-0.011101,-0.001308,0.003465,0.016204,0.018206,0.037770,-0.016521,0.021575,-0.018615,0.007962,0.013352,-0.005311,-0.002394,0.020344,0.026301,-0.006729,0.027298,0.001742,0.018061,-0.030294,-0.018982,0.017430,-0.000321,0.022485,0.010523,0.034535,0.000705,-0.007767,0.032504,-0.003151,0.037291,-0.015866,0.007837,0.020521,0.005470,-0.046206,0.017485,-0.018051,0.002997,0.011961,0.008385,0.009808,0.006038,0.010523,0.010849,0.019783,-0.030946,0.020317,-0.007184,-0.026353,-0.003482,-0.012637,-0.016036,-0.001881,0.026508,0.000760,0.018510,0.076442,-0.004735,0.024559,-0.001561,0.002011,0.019862,0.030295,-0.015500,-0.047544,0.003848,-0.011052,-0.018191,-0.022113,-0.001578,0.012405,-0.030636,0.004827,0.042710,0.008418,-0.003259,0.007506,-0.012846,-0.013135,-0.008513,0.020046,-0.0... [truncated]"
time=2026-08-26T23:56:37.891+08:00 level=INFO msg="TagMatch: label=\"GLM-5.3 Flash\" category=keyword similarity search returned totalCandidates=20 bestSimilarity=0.8869"
time=2026-08-26T23:56:37.892+08:00 level=INFO msg="TagMatch: label=\"GLM-5.3 Flash\" category=keyword result=no_match reason=below_low_similarity bestSimilarity=0.8869"
time=2026-08-26T23:56:37.892+08:00 level=INFO msg="findOrCreateTag: label=\"GLM-5.3 Flash\" category=keyword matchType=no_match"
time=2026-08-26T23:56:37.895+08:00 level=INFO msg="findOrCreateTag: label=\"GLM-5.3 Flash\" category=keyword fallback=create_new"
time=2026-08-26T23:56:39.946+08:00 level=WARN msg="[SLOW SQL] 1799.947ms > 200ms | rows=20 | \n\t\tSELECT t.id AS tag_id, e.embedding <=> '[-0.000239,-0.001811,-0.015551,0.017700,-0.001696,0.064003,0.045214,-0.037036,0.032762,0.013677,-0.011880,0.016531,0.008152,-0.045537,0.076148,-0.026596,-0.015630,-0.028216,-0.007199,-0.004443,-0.011205,0.043227,0.009403,0.027259,-0.074559,-0.017339,-0.027224,0.087178,-0.041611,0.063246,0.033658,-0.015168,0.106086,0.039698,0.005129,-0.016507,0.003899,-0.008735,0.021203,0.049352,0.036261,-0.024019,0.016625,0.008239,0.042146,0.032875,0.009723,-0.012314,0.007333,-0.015443,0.012999,-0.011751,0.022663,-0.010946,-0.004158,-0.020883,0.066944,-0.005735,-0.007461,0.009675,-0.006242,0.011018,-0.015640,-0.020459,-0.006424,-0.013584,-0.022614,-0.060164,0.022192,-0.013589,-0.008401,-0.059966,-0.015249,-0.010788,0.011747,-0.012052,-0.002593,0.004127,-0.042489,0.012047,-0.028920,0.021360,0.038961,0.022400,0.023044,-0.000793,0.016666,-0.009240,0.004777,-0.014837,0.010698,-0.014262,0.004933,0.009860,0.010597,-0.007558,0.008548,-0.012863,-0.022775,-0.002761,0.005070,-0.045921,0.031936,-0.016382,0.023209,-0.023201,-0.035508,-0.020233,0.005485,0.011322,0.006880,0.011369,-0.025208,0.017510,-0.001737,-0.017611,0.041319,-0.005930,0.016494,0.003928,-0.002118,0.011967,-0.011083,0.015794,-0.001164,-0.024259,0.004811,-0.003145,0.009127,0.031502,0.054604,-0.015068,0.000508,-0.031501,-0.032505,0.012142,0.004148,0.013095,0.001937,-0.008928,-0.001935,0.028718,-0.004613,0.019664,-0.021337,-0.021817,0.001003,-0.019675,0.010930,0.003668,-0.007327,0.006657,0.012809,0.014168,0.016747,0.017865,-0.024426,0.025086,0.010718,0.012109,-0.010897,0.022214,-0.008412,-0.001347,-0.007758,0.002406,-0.004708,0.029297,0.001663,-0.014449,0.015087,-0.031217,-0.002120,-0.016599,-0.023564,-0.001421,0.006971,-0.016231,-0.009208,0.019170,0.003133,0.020130,0.009953,0.005249,0.011998,-0.009710,0.024020,0.002345,0.012985,-0.006122,-0.023173,0.038187,0.022611,-0.010608,-0.013836,-0.011411,0.002573,-0.012408,-0.008991,0.039861,-0.023228,0.027939,0.011745,0.016863,-0.000726,-0.021747,... [truncated]"
time=2026-08-26T23:56:39.948+08:00 level=INFO msg="TagMatch: label=\"STOXX 600\" category=keyword similarity search returned totalCandidates=20 bestSimilarity=0.9018"
time=2026-08-26T23:56:39.955+08:00 level=INFO msg="TagMatch: label=\"STOXX 600\" category=keyword result=no_match reason=below_low_similarity bestSimilarity=0.9018"
time=2026-08-26T23:56:39.956+08:00 level=INFO msg="findOrCreateTag: label=\"STOXX 600\" category=keyword matchType=no_match"
time=2026-08-26T23:56:39.958+08:00 level=INFO msg="findOrCreateTag: label=\"STOXX 600\" category=keyword fallback=create_new"
time=2026-08-26T23:56:45.114+08:00 level=WARN msg="[SLOW SQL] 7291.570ms > 200ms | rows=13082 | SELECT id, merge_embedding FROM \"semantic_labels\" WHERE label_type = 'auxiliary' AND status = 'active' AND merge_embedding IS NOT NULL"
time=2026-08-26T23:56:45.840+08:00 level=INFO msg="Auto Refresh: triggered 0 feeds (scanned=23, due=0, stale_reset=0)"
time=2026-08-26T23:56:45.929+08:00 level=INFO msg="Content Completion: no pending content to complete"
time=2026-08-26T23:56:46.302+08:00 level=WARN msg="auxiliary label dedup gate slow: label=\"被迫放弃通行\" took=8.8028234s (>50ms), review L1/L2 (embedder/merge) performance"
time=2026-08-26T23:56:46.601+08:00 level=INFO msg="findOrCreateTag: start label=\"阿曼走廊\" slug=\"阿曼走廊\" category=keyword source=llm"
time=2026-08-26T23:56:46.601+08:00 level=INFO msg="TagMatch: start label=\"阿曼走廊\" slug=\"阿曼走廊\" category=keyword threshold=0.92"
time=2026-08-26T23:56:48.987+08:00 level=WARN msg="[SLOW SQL] 1892.472ms > 200ms | rows=20 | \n\t\tSELECT t.id AS tag_id, e.embedding <=> '[-0.000111,-0.022125,-0.033128,-0.026133,-0.001793,0.055821,0.045947,0.013768,0.054994,0.001131,0.001610,-0.022908,0.015521,-0.028786,0.074402,-0.008068,-0.008088,-0.033103,0.038798,-0.002977,-0.020711,0.017177,0.030447,0.036716,0.017507,-0.022823,-0.030002,0.048936,-0.001134,0.024734,0.000983,-0.052829,0.051900,0.033627,0.005373,-0.018442,0.023100,0.003678,-0.031158,0.022341,0.016101,-0.038304,0.022166,0.006299,-0.005761,0.028567,0.010291,-0.001298,0.002802,-0.022977,0.000096,0.004161,-0.010772,-0.007833,0.009869,-0.019006,0.098219,-0.017148,-0.004378,0.050227,-0.002897,0.034593,-0.026268,-0.010825,-0.004338,-0.018905,-0.014003,0.004235,0.026812,0.011088,0.005379,-0.033340,-0.012694,-0.004167,-0.015534,-0.029850,-0.011234,0.032074,-0.038622,-0.001636,-0.011027,0.015093,0.016830,0.026907,0.012264,0.021960,0.010710,-0.006237,-0.018640,0.017932,0.002204,-0.031263,-0.002803,0.000546,0.005727,-0.007658,0.036163,-0.003211,0.002580,0.005078,-0.005188,-0.026330,0.027380,-0.009053,0.023152,-0.020216,-0.017347,-0.005850,0.008883,0.015811,-0.006616,0.016015,-0.018826,0.002558,0.005854,-0.021455,0.020134,0.038739,-0.006811,0.035047,0.009732,0.012015,-0.022235,0.029869,-0.000810,-0.050168,-0.019558,0.005896,0.006263,-0.006402,0.038752,-0.022209,-0.002517,-0.039274,0.022456,0.008618,0.008526,0.021109,0.014586,0.006074,-0.013005,0.027562,0.014459,-0.028523,-0.040551,-0.070717,-0.016078,0.020580,0.025430,0.005946,0.019950,0.020305,0.012168,0.022643,0.017971,0.012474,-0.021064,0.003875,-0.003441,0.032137,-0.026923,0.020319,0.010043,0.068346,0.011858,0.013860,0.030957,0.003553,0.000916,-0.025061,0.022581,-0.030440,0.006197,-0.015295,-0.016220,-0.011468,-0.006452,-0.021799,-0.002443,0.032578,0.007973,-0.021230,-0.011768,-0.013791,0.030394,-0.017580,-0.025407,0.011909,0.007197,-0.003890,-0.029474,0.015653,-0.002503,-0.005632,0.010463,-0.002582,0.007121,-0.013763,0.011780,0.023024,-0.026539,0.030602,0.009868,-0.037197,-0.007707,-0.011112,-0.00... [truncated]"
time=2026-08-26T23:56:48.988+08:00 level=INFO msg="TagMatch: label=\"阿曼走廊\" category=keyword similarity search returned totalCandidates=20 bestSimilarity=0.7727"
time=2026-08-26T23:56:48.989+08:00 level=INFO msg="TagMatch: label=\"阿曼走廊\" category=keyword result=no_match reason=below_low_similarity bestSimilarity=0.7727"
time=2026-08-26T23:56:48.989+08:00 level=INFO msg="findOrCreateTag: label=\"阿曼走廊\" category=keyword matchType=no_match"
time=2026-08-26T23:56:48.990+08:00 level=INFO msg="findOrCreateTag: label=\"阿曼走廊\" category=keyword fallback=create_new"
time=2026-08-26T23:56:54.351+08:00 level=WARN msg="[SLOW SQL] 7452.500ms > 200ms | rows=13083 | SELECT id, merge_embedding FROM \"semantic_labels\" WHERE label_type = 'auxiliary' AND status = 'active' AND merge_embedding IS NOT NULL"
time=2026-08-26T23:56:55.480+08:00 level=WARN msg="auxiliary label dedup gate slow: label=\"STOXX 600\" took=9.0477212s (>50ms), review L1/L2 (embedder/merge) performance"
time=2026-08-26T23:56:55.480+08:00 level=WARN msg="auxiliary label dedup gate slow: label=\"GLM-5.3 Flash\" took=9.0477212s (>50ms), review L1/L2 (embedder/merge) performance"
time=2026-08-26T23:56:55.652+08:00 level=INFO msg="findOrCreateTag: start label=\"霍尔木兹海峡\" slug=\"霍尔木兹海峡\" category=keyword source=llm"
time=2026-08-26T23:56:55.652+08:00 level=INFO msg="TagMatch: start label=\"霍尔木兹海峡\" slug=\"霍尔木兹海峡\" category=keyword threshold=0.92"
time=2026-08-26T23:56:55.653+08:00 level=INFO msg="findOrCreateTag: start label=\"富时泛欧绩优300\" slug=\"富时泛欧绩优300\" category=keyword source=llm"
time=2026-08-26T23:56:55.653+08:00 level=INFO msg="TagMatch: start label=\"富时泛欧绩优300\" slug=\"富时泛欧绩优300\" category=keyword threshold=0.92"
time=2026-08-26T23:56:55.654+08:00 level=INFO msg="TagMatch: label=\"霍尔木兹海峡\" category=keyword result=exact reason=slug existingID=56361 existingLabel=\"霍尔木兹海峡\""
time=2026-08-26T23:56:55.656+08:00 level=INFO msg="findOrCreateTag: label=\"霍尔木兹海峡\" category=keyword matchType=exact existingID=56361 existingLabel=\"霍尔木兹海峡\""
time=2026-08-26T23:56:55.770+08:00 level=INFO msg="Successfully tagged article 118872"
time=2026-08-26T23:56:56.100+08:00 level=INFO msg="findOrCreateTag: start label=\"国产芯片集群\" slug=\"国产芯片集群\" category=keyword source=llm"
time=2026-08-26T23:56:56.100+08:00 level=INFO msg="TagMatch: start label=\"国产芯片集群\" slug=\"国产芯片集群\" category=keyword threshold=0.92"
time=2026-08-26T23:56:58.465+08:00 level=WARN msg="[SLOW SQL] 2067.122ms > 200ms | rows=20 | \n\t\tSELECT t.id AS tag_id, e.embedding <=> '[-0.000289,0.001374,0.000960,0.033452,-0.002229,0.050560,0.061539,0.004299,0.026520,0.007377,-0.023882,0.018334,0.009556,-0.033498,0.036488,-0.030055,0.014757,-0.040970,-0.013140,-0.002699,-0.007492,0.041066,0.016088,0.029408,-0.078361,-0.022643,-0.023956,-0.012160,-0.028038,0.029794,0.053655,0.004542,0.057115,0.035420,0.004119,-0.003581,-0.020445,-0.006413,0.019016,0.022081,0.034263,-0.008939,0.000647,0.022925,0.031393,0.026969,0.004198,0.001863,0.010882,-0.015530,0.009606,-0.007232,0.029883,-0.025647,-0.002463,-0.014877,0.048848,0.003178,0.011187,0.040443,-0.003752,-0.000946,-0.030837,-0.028248,-0.008158,-0.015949,-0.038880,-0.032759,0.032279,-0.006354,-0.005047,-0.055022,-0.001646,-0.009046,0.026093,-0.021005,-0.010207,0.005320,-0.022613,0.002826,-0.040647,0.009952,0.028955,0.009840,0.021734,-0.003134,0.006364,-0.012179,-0.012703,-0.023498,-0.000478,-0.000041,-0.021918,0.002152,0.003264,0.008753,-0.013014,-0.013445,-0.014940,-0.003634,-0.008607,-0.045109,0.035139,-0.013765,0.018151,-0.000791,-0.010314,-0.009204,0.009656,0.000358,-0.000464,0.010276,-0.010870,0.042174,-0.000249,-0.007377,0.022549,0.001941,0.006066,-0.026158,-0.003571,0.004248,-0.024601,0.001763,-0.015911,-0.023615,0.006612,0.007676,0.026400,0.027511,0.084872,-0.023536,0.013257,-0.022788,-0.020659,0.012948,-0.009871,0.017566,0.012179,-0.009594,0.010192,0.020008,-0.009583,0.033578,-0.007749,-0.043929,0.011497,0.006728,-0.003125,0.008971,0.018710,-0.030798,0.027539,0.021365,0.003067,0.009644,-0.020316,0.013000,0.002417,-0.002952,-0.001969,0.008485,0.002810,0.025763,-0.003513,-0.012510,0.011515,0.001403,0.005328,0.015768,0.008091,-0.013699,0.009305,-0.019338,-0.010306,-0.003879,-0.000790,-0.001958,0.000385,0.028619,0.008006,0.041217,0.024860,0.003310,0.010513,-0.001195,-0.004672,0.013985,0.004295,-0.009115,-0.035042,0.029798,0.021150,-0.004935,0.020044,0.000124,-0.003483,-0.007142,-0.027355,0.028008,-0.010978,0.021608,0.016909,0.006494,0.012205,-0.009567,0.002... [truncated]"
time=2026-08-26T23:56:58.465+08:00 level=INFO msg="TagMatch: label=\"富时泛欧绩优300\" category=keyword similarity search returned totalCandidates=20 bestSimilarity=0.9383"
time=2026-08-26T23:56:58.467+08:00 level=INFO msg="TagMatch: label=\"富时泛欧绩优300\" category=keyword result=candidates validCandidates=1 topSimilarity=0.9383 topLabels=富时泛欧绩优 300 指数"
time=2026-08-26T23:56:58.467+08:00 level=INFO msg="findOrCreateTag: label=\"富时泛欧绩优300\" category=keyword matchType=candidates candidateCount=1 — skipping LLM judgment, falling through to create"
time=2026-08-26T23:56:58.468+08:00 level=INFO msg="findOrCreateTag: label=\"富时泛欧绩优300\" category=keyword fallback=create_new"
time=2026-08-26T23:56:58.691+08:00 level=WARN msg="[SLOW SQL] 2056.328ms > 200ms | rows=20 | \n\t\tSELECT t.id AS tag_id, e.embedding <=> '[-0.000155,0.012088,-0.037731,-0.018506,-0.002074,0.033548,0.023198,-0.031391,0.060400,-0.029710,0.021895,-0.053642,0.016286,-0.035560,0.051257,-0.005167,-0.023056,-0.065240,0.021142,-0.004793,-0.015731,0.052921,0.019709,0.054699,-0.103658,-0.026547,-0.031433,-0.006631,-0.017495,0.037159,0.023922,-0.070163,0.004290,0.003397,0.005224,-0.008060,0.013499,-0.002935,-0.045009,0.050980,0.026318,-0.050285,0.015795,0.015626,-0.007696,0.010679,0.019253,-0.007286,-0.005577,-0.030008,0.014121,0.011748,-0.010298,-0.016129,-0.020579,0.018459,0.092130,-0.009292,-0.014916,0.014929,-0.001284,-0.022412,-0.019872,-0.017738,0.000627,-0.007626,-0.012524,0.006787,0.017577,-0.000762,0.010576,-0.013087,-0.008981,0.005958,0.025924,-0.027785,-0.011781,0.027354,-0.018829,0.019072,-0.027869,0.014959,0.016340,0.048737,0.025241,0.020466,0.014666,-0.015282,-0.000885,-0.001569,0.005309,-0.009597,0.013834,-0.028349,0.006723,0.004268,0.022263,-0.006617,-0.021926,-0.001082,-0.016367,-0.021108,-0.001252,-0.012133,0.023706,-0.016647,-0.008234,-0.019092,-0.014631,0.002692,-0.004127,0.014252,0.004053,0.022772,-0.000285,-0.007382,0.008953,0.024533,-0.010544,0.050500,-0.003846,0.008236,0.008692,0.015342,0.004468,-0.027926,0.011319,-0.015016,0.024210,0.031686,0.091074,-0.007804,-0.008078,-0.016257,-0.018086,-0.009502,0.009864,-0.017376,0.036753,0.012961,-0.005672,0.039210,0.008166,-0.007547,-0.017793,-0.027222,-0.011813,0.006278,-0.004415,0.005061,0.005365,0.003421,0.013298,0.030665,-0.033045,0.000845,-0.047181,0.015920,0.027290,0.023456,-0.012597,-0.005774,0.002055,0.025555,0.011068,0.023867,0.004720,-0.007421,0.018099,-0.002844,-0.000665,-0.029854,0.002041,-0.020499,-0.029344,-0.003422,0.016554,-0.004209,0.016952,0.019845,-0.006063,-0.003677,0.028810,-0.004394,0.032707,-0.029032,0.007434,-0.013158,0.004927,0.001477,-0.074200,0.011639,-0.018373,0.018166,-0.028849,0.008422,0.001917,-0.018290,0.008890,0.019549,0.011114,0.035581,0.008857,-0.007446,0.005576,0.001956,... [truncated]"
time=2026-08-26T23:56:58.693+08:00 level=INFO msg="TagMatch: label=\"国产芯片集群\" category=keyword similarity search returned totalCandidates=20 bestSimilarity=0.8041"
time=2026-08-26T23:56:58.693+08:00 level=INFO msg="TagMatch: label=\"国产芯片集群\" category=keyword result=no_match reason=below_low_similarity bestSimilarity=0.8041"
time=2026-08-26T23:56:58.694+08:00 level=INFO msg="findOrCreateTag: label=\"国产芯片集群\" category=keyword matchType=no_match"
time=2026-08-26T23:56:58.695+08:00 level=INFO msg="findOrCreateTag: label=\"国产芯片集群\" category=keyword fallback=create_new"
time=2026-08-26T23:56:59.059+08:00 level=INFO msg="findOrCreateTag: start label=\"中情局\" slug=\"中情局\" category=keyword source=llm"
time=2026-08-26T23:56:59.062+08:00 level=INFO msg="TagMatch: start label=\"中情局\" slug=\"中情局\" category=keyword threshold=0.92"
time=2026-08-26T23:57:01.348+08:00 level=WARN msg="[SLOW SQL] 1955.175ms > 200ms | rows=20 | \n\t\tSELECT t.id AS tag_id, e.embedding <=> '[-0.000167,-0.001762,-0.007562,-0.012293,-0.001583,0.046278,0.034094,-0.030233,0.056389,0.011398,0.022820,0.026345,0.015678,-0.036007,0.046464,-0.034112,-0.000534,-0.021767,0.052252,-0.002312,-0.017798,0.042606,0.088800,0.044171,-0.011656,-0.007547,-0.025451,-0.029125,-0.037427,0.005829,0.036038,-0.071426,0.014958,0.028535,0.002029,-0.023502,0.025427,0.000961,-0.032572,0.030294,0.020584,-0.040842,0.040763,0.009521,-0.010610,0.007707,0.014896,0.003211,0.004181,-0.023937,0.004445,0.008557,0.001142,-0.009948,0.016127,0.001675,0.091953,-0.016541,-0.007018,0.048502,-0.013093,0.032594,-0.043807,-0.018142,-0.007541,-0.019105,-0.000888,-0.003718,0.020367,0.004716,0.006663,-0.027502,0.004860,0.006078,0.000345,-0.026422,-0.014262,0.020706,-0.022064,0.020624,-0.018095,0.016166,0.010198,0.040549,0.042170,0.014492,0.016028,-0.007114,-0.024204,-0.013740,-0.000281,0.014281,0.000007,-0.018369,0.005220,-0.006178,-0.001861,-0.009333,0.014282,0.003418,-0.005562,-0.027449,0.062143,-0.014270,0.011820,-0.026078,-0.018714,-0.005103,-0.004621,-0.002671,-0.013159,0.014660,-0.045222,-0.005622,0.006662,-0.015221,0.005526,0.048744,0.004279,0.002202,0.002231,-0.000508,-0.015791,0.017570,0.013566,-0.025667,-0.014891,-0.015818,-0.001293,0.007986,0.078279,-0.004002,0.003849,-0.003147,-0.033347,0.001946,0.019880,0.004084,0.005409,-0.015825,-0.000774,0.025280,0.000144,-0.015048,-0.033290,-0.051384,0.014377,0.019447,0.011629,0.000408,0.006628,0.002881,0.003349,0.026435,-0.003861,0.005447,-0.008941,-0.004324,-0.003810,0.018204,-0.022417,0.011620,-0.006506,0.011311,0.004964,0.031667,0.011793,0.005592,0.003281,0.005160,0.037910,-0.020081,-0.020517,-0.013620,-0.012895,-0.000076,-0.003138,-0.014710,-0.011507,0.020917,0.012524,-0.018079,0.007862,0.014080,0.001640,0.004891,0.003389,-0.008158,0.040480,-0.003007,-0.055547,0.047176,-0.005383,-0.002817,-0.002802,0.000342,0.004708,-0.030636,0.001402,0.040362,0.004083,0.001568,0.014471,-0.024599,0.006973,0.001462,-0.0034... [truncated]"
time=2026-08-26T23:57:01.361+08:00 level=INFO msg="TagMatch: label=\"中情局\" category=keyword similarity search returned totalCandidates=20 bestSimilarity=0.8360"
time=2026-08-26T23:57:01.361+08:00 level=INFO msg="TagMatch: label=\"中情局\" category=keyword result=no_match reason=below_low_similarity bestSimilarity=0.8360"
time=2026-08-26T23:57:01.361+08:00 level=INFO msg="findOrCreateTag: label=\"中情局\" category=keyword matchType=no_match"
time=2026-08-26T23:57:01.364+08:00 level=INFO msg="findOrCreateTag: label=\"中情局\" category=keyword fallback=create_new"
time=2026-08-26T23:57:08.785+08:00 level=WARN msg="[SLOW SQL] 9729.969ms > 200ms | rows=13083 | SELECT id, merge_embedding FROM \"semantic_labels\" WHERE label_type = 'auxiliary' AND status = 'active' AND merge_embedding IS NOT NULL"
time=2026-08-26T23:57:09.927+08:00 level=WARN msg="auxiliary label dedup gate slow: label=\"富时泛欧绩优300\" took=11.2789184s (>50ms), review L1/L2 (embedder/merge) performance"
time=2026-08-26T23:57:09.927+08:00 level=WARN msg="auxiliary label dedup gate slow: label=\"国产芯片集群\" took=11.2257033s (>50ms), review L1/L2 (embedder/merge) performance"
time=2026-08-26T23:57:09.943+08:00 level=INFO msg="findOrCreateTag: start label=\"俄罗斯\" slug=\"俄罗斯\" category=keyword source=llm"
time=2026-08-26T23:57:09.944+08:00 level=INFO msg="TagMatch: start label=\"俄罗斯\" slug=\"俄罗斯\" category=keyword threshold=0.92"
time=2026-08-26T23:57:09.946+08:00 level=INFO msg="findOrCreateTag: start label=\"欧洲三大股指初步收涨\" slug=\"欧洲三大股指初步收涨\" category=event source=llm"
time=2026-08-26T23:57:09.947+08:00 level=INFO msg="TagMatch: start label=\"欧洲三大股指初步收涨\" slug=\"欧洲三大股指初步收涨\" category=event threshold=0.92"
time=2026-08-26T23:57:09.948+08:00 level=INFO msg="TagMatch: label=\"俄罗斯\" category=keyword result=exact reason=slug existingID=130203 existingLabel=\"俄罗斯\""
time=2026-08-26T23:57:09.948+08:00 level=INFO msg="findOrCreateTag: label=\"俄罗斯\" category=keyword matchType=exact existingID=130203 existingLabel=\"俄罗斯\""
time=2026-08-26T23:57:10.186+08:00 level=WARN msg="[SLOW SQL] 229.135ms > 200ms | rows=14483 | SELECT id, label, slug, label_type, aliases, ref_count, description, status, protected, source, display_order, created_at, updated_at FROM \"semantic_labels\" WHERE label_type = 'auxiliary' AND status = 'active'"
time=2026-08-26T23:57:10.198+08:00 level=INFO msg="findOrCreateTag: start label=\"特朗普\" slug=\"特朗普\" category=keyword source=llm"
time=2026-08-26T23:57:10.198+08:00 level=INFO msg="TagMatch: start label=\"特朗普\" slug=\"特朗普\" category=keyword threshold=0.92"
time=2026-08-26T23:57:10.200+08:00 level=INFO msg="TagMatch: label=\"特朗普\" category=keyword result=exact reason=slug existingID=98430 existingLabel=\"特朗普\""
time=2026-08-26T23:57:10.201+08:00 level=INFO msg="findOrCreateTag: label=\"特朗普\" category=keyword matchType=exact existingID=98430 existingLabel=\"特朗普\""
time=2026-08-26T23:57:10.219+08:00 level=INFO msg="findOrCreateTag: start label=\"特朗普证实中情局局长访俄\" slug=\"特朗普证实中情局局长访俄\" category=event source=llm"
time=2026-08-26T23:57:10.220+08:00 level=INFO msg="TagMatch: start label=\"特朗普证实中情局局长访俄\" slug=\"特朗普证实中情局局长访俄\" category=event threshold=0.92"
time=2026-08-26T23:57:10.475+08:00 level=INFO msg="findOrCreateTag: start label=\"智谱\" slug=\"智谱\" category=keyword source=llm"
time=2026-08-26T23:57:10.475+08:00 level=INFO msg="TagMatch: start label=\"智谱\" slug=\"智谱\" category=keyword threshold=0.92"
time=2026-08-26T23:57:12.189+08:00 level=WARN msg="[SLOW SQL] 1648.752ms > 200ms | rows=20 | \n\t\tSELECT t.id AS tag_id, e.embedding <=> '[-0.000413,0.002430,0.004133,0.029102,-0.002932,0.070847,0.037964,0.038775,0.042455,0.034700,-0.010412,0.016427,0.010282,-0.009058,0.065571,-0.042632,-0.020939,-0.044512,-0.026173,-0.000133,-0.008902,0.047184,0.023739,0.017098,-0.055253,-0.018149,-0.028985,-0.043484,-0.015037,-0.013409,0.010910,-0.013365,-0.007932,0.045429,0.004833,0.000878,-0.002158,-0.002387,0.011538,0.062921,0.036992,-0.011377,0.009528,0.012248,-0.001818,0.026786,0.016443,-0.002105,-0.003175,-0.027371,0.014203,-0.005955,0.002460,-0.019158,-0.002843,-0.041538,0.087018,-0.005389,0.000771,0.030366,-0.010234,-0.013065,-0.032006,-0.011347,-0.003316,-0.024113,-0.032823,-0.053897,0.024149,0.016877,-0.014421,-0.063446,-0.004572,-0.003434,0.029884,-0.019513,-0.003733,0.004388,-0.010481,0.004485,-0.054853,0.009530,0.033652,0.024715,0.052061,0.035696,0.000303,-0.011041,-0.038248,0.000538,0.009672,-0.013770,-0.002553,0.033246,-0.004472,-0.001907,-0.005605,-0.006441,-0.004997,-0.004985,-0.009950,-0.018539,-0.006160,-0.016711,0.031910,-0.006724,-0.029871,-0.015576,0.005888,0.012607,-0.009947,-0.002813,0.027888,0.010457,0.010787,-0.006652,0.033176,-0.013014,0.001166,0.001274,-0.000200,0.013018,-0.010647,-0.008639,-0.011023,-0.021863,0.002631,-0.000786,0.022156,0.025822,0.055670,-0.014061,0.010386,0.004996,-0.009072,0.010250,0.006451,0.003805,-0.005669,0.005815,0.013507,0.025074,-0.007682,0.031845,0.001411,-0.015335,0.005261,0.000236,0.008562,0.006281,0.013148,0.000545,0.006299,0.007573,-0.002879,0.007068,-0.026514,0.009500,0.014070,0.000733,0.007585,0.012984,0.003603,0.059334,-0.005917,0.004092,0.029375,-0.002802,-0.006247,-0.006407,-0.004329,-0.023196,-0.005320,-0.010921,-0.022901,-0.005164,-0.000853,-0.030518,-0.014659,-0.006465,-0.000878,-0.006350,0.028815,0.011347,0.037242,-0.008184,-0.016584,-0.001176,0.010113,-0.010659,-0.056417,0.060511,0.011144,0.012560,0.006574,-0.020832,0.000674,-0.004921,-0.027040,0.027573,-0.006159,0.019022,0.015709,0.006118,-0.010342,0.001... [truncated]"
time=2026-08-26T23:57:12.191+08:00 level=INFO msg="TagMatch: label=\"欧洲三大股指初步收涨\" category=event similarity search returned totalCandidates=20 bestSimilarity=0.8916"
time=2026-08-26T23:57:12.191+08:00 level=INFO msg="TagMatch: label=\"欧洲三大股指初步收涨\" category=event result=no_match reason=below_low_similarity bestSimilarity=0.8916"
time=2026-08-26T23:57:12.191+08:00 level=INFO msg="findOrCreateTag: label=\"欧洲三大股指初步收涨\" category=event matchType=no_match"
time=2026-08-26T23:57:12.192+08:00 level=INFO msg="findOrCreateTag: label=\"欧洲三大股指初步收涨\" category=event fallback=create_new"
time=2026-08-26T23:57:12.193+08:00 level=WARN msg="[SLOW SQL] 1653.379ms > 200ms | rows=20 | \n\t\tSELECT t.id AS tag_id, e.embedding <=> '[-0.000070,0.033955,-0.056888,-0.013207,-0.001419,0.045458,0.082624,-0.020197,0.047882,-0.041236,0.028072,0.000213,0.007552,-0.033864,0.022227,-0.064647,-0.006068,-0.034202,0.021407,-0.005060,-0.017784,0.019719,0.009294,0.052289,-0.071067,-0.046992,-0.027153,0.046368,-0.010557,0.048755,0.053135,-0.043360,0.012054,0.030437,0.004451,-0.014242,-0.001930,-0.003703,-0.006437,0.002540,0.035771,-0.032515,0.035648,0.011079,0.003143,0.033819,0.009031,0.009148,-0.002019,-0.013202,-0.004010,0.007646,-0.023874,-0.025732,0.021333,0.026303,0.073727,-0.017180,-0.006091,0.016832,-0.000218,0.009329,-0.060627,-0.032739,-0.006345,-0.011561,-0.016318,0.006865,0.021575,0.006757,-0.001756,-0.006909,-0.007293,-0.000386,0.007501,-0.027525,-0.013981,0.001302,-0.008558,0.015042,-0.020817,0.007206,0.013619,0.056837,0.019644,-0.005400,0.009521,-0.011535,-0.061914,0.012169,0.002008,0.011059,0.009407,0.000754,-0.000605,-0.000985,-0.001453,-0.006623,0.004545,0.004751,-0.019353,-0.038391,0.036618,0.003658,0.017867,-0.027070,0.007900,-0.013130,-0.025149,-0.000864,-0.014622,0.016342,-0.002744,0.033408,0.005012,-0.017992,0.024315,0.050347,-0.008305,0.051216,0.007715,-0.013823,-0.000805,0.008348,0.017713,-0.036001,-0.005024,0.003436,0.028060,0.030851,0.062466,-0.014754,-0.007606,-0.016211,-0.038983,-0.005016,0.000761,0.009197,-0.001913,0.034633,-0.008611,0.025333,0.001179,0.002287,-0.008225,-0.054221,0.000292,0.031464,0.015864,-0.000783,0.005843,0.003697,0.006127,0.019723,0.024781,0.025294,-0.034819,0.012261,0.017226,0.015628,-0.013149,0.020107,-0.043947,0.013118,0.007589,0.000524,0.015334,0.001934,-0.000199,-0.004781,0.019733,-0.028453,0.006570,-0.021985,-0.039018,-0.009695,-0.018365,0.001548,-0.006199,0.021598,-0.004203,0.032445,0.022063,-0.004529,0.004502,0.006760,0.003897,0.002555,0.010500,-0.016456,-0.005732,0.016016,-0.006812,-0.003543,-0.006999,-0.017003,-0.005521,-0.004777,0.005755,0.049077,-0.005242,0.035964,0.023380,-0.003024,0.012476,0.006898,0.033... [truncated]"
time=2026-08-26T23:57:12.195+08:00 level=INFO msg="TagMatch: label=\"智谱\" category=keyword similarity search returned totalCandidates=20 bestSimilarity=0.8226"
time=2026-08-26T23:57:12.195+08:00 level=INFO msg="TagMatch: label=\"智谱\" category=keyword result=no_match reason=below_low_similarity bestSimilarity=0.8226"
time=2026-08-26T23:57:12.195+08:00 level=INFO msg="findOrCreateTag: label=\"智谱\" category=keyword matchType=no_match"
time=2026-08-26T23:57:12.196+08:00 level=INFO msg="findOrCreateTag: label=\"智谱\" category=keyword fallback=create_new"
time=2026-08-26T23:57:12.422+08:00 level=WARN msg="[SLOW SQL] 223.586ms > 200ms | rows=14484 | SELECT id, label, slug, label_type, aliases, ref_count, description, status, protected, source, display_order, created_at, updated_at FROM \"semantic_labels\" WHERE label_type = 'auxiliary' AND status = 'active'"
time=2026-08-26T23:57:12.442+08:00 level=INFO msg="findOrCreateTag: start label=\"智谱推出 GLM-5.3 Flash\" slug=\"智谱推出 glm-5-3 flash\" category=event source=llm"
time=2026-08-26T23:57:12.442+08:00 level=INFO msg="TagMatch: start label=\"智谱推出 GLM-5.3 Flash\" slug=\"智谱推出 glm-5-3 flash\" category=event threshold=0.92"
time=2026-08-26T23:57:12.467+08:00 level=INFO msg="Successfully tagged article 118874"
time=2026-08-26T23:57:13.245+08:00 level=WARN msg="[SLOW SQL] 2480.518ms > 200ms | rows=20 | \n\t\tSELECT t.id AS tag_id, e.embedding <=> '[-0.000136,-0.004311,-0.004011,-0.013856,-0.001538,0.050020,0.010434,0.007606,0.048748,0.017420,0.025508,0.002247,0.010281,0.014412,0.030243,-0.004475,-0.001763,0.009498,-0.002684,0.001374,-0.011666,0.040357,0.100483,0.034106,0.010520,0.026426,-0.025951,-0.064391,-0.032074,0.036309,-0.018894,-0.041650,0.011757,0.053021,-0.000995,-0.019943,0.026315,0.002244,0.007357,0.058698,0.024621,-0.048427,0.039004,0.006662,-0.001102,0.005741,0.013570,-0.014653,-0.012555,-0.032535,0.006926,0.011092,-0.011752,-0.012435,0.002152,0.005596,0.069042,-0.010561,0.019111,0.028471,-0.008581,0.015248,-0.021719,-0.010748,-0.010030,-0.024929,-0.028861,0.020771,0.005769,0.007069,0.003133,-0.031884,-0.003333,-0.000542,0.012658,-0.017226,-0.015718,0.016986,-0.015156,0.017559,-0.047634,0.004640,0.014743,0.013100,0.039084,0.009333,-0.006237,0.006701,-0.041009,0.003666,0.003881,0.030406,0.012091,-0.000901,0.015808,-0.005537,-0.003313,-0.005360,0.000278,-0.001829,-0.004996,-0.028194,0.060836,-0.022659,-0.007613,-0.013540,-0.017542,0.006087,-0.006410,0.017701,-0.010328,0.000867,-0.018620,-0.005770,0.015267,-0.018046,0.007363,0.064974,0.003997,0.010871,0.012050,0.011130,-0.020708,0.018392,0.002960,-0.017556,-0.002918,-0.025091,0.000681,0.004818,0.052949,-0.016509,0.007401,-0.008233,-0.039961,0.010284,-0.006260,0.004231,0.014435,-0.017461,0.007089,0.032259,0.005803,0.027273,-0.030951,-0.042103,0.024900,0.019547,0.009914,0.007114,0.014159,-0.004692,-0.005959,0.005197,-0.007143,0.005718,-0.014413,0.000063,-0.013675,-0.002942,-0.022656,0.013278,-0.032447,0.044475,0.018584,0.010005,0.049048,-0.017283,-0.003439,0.010636,0.005918,-0.019404,-0.008486,-0.023921,-0.028580,-0.006346,0.008714,-0.035982,-0.013551,0.016246,-0.012635,-0.043262,0.001041,0.008189,0.002484,-0.005563,-0.018758,0.017257,0.047589,0.005076,-0.056966,0.062224,-0.006767,-0.012909,0.005471,-0.014214,0.006246,-0.035310,0.004014,0.015976,0.012505,-0.015915,0.054882,0.000283,0.000994,-0.005764,-0.00729... [truncated]"
time=2026-08-26T23:57:13.247+08:00 level=INFO msg="TagMatch: label=\"特朗普证实中情局局长访俄\" category=event similarity search returned totalCandidates=20 bestSimilarity=0.8291"
time=2026-08-26T23:57:13.248+08:00 level=INFO msg="TagMatch: label=\"特朗普证实中情局局长访俄\" category=event result=no_match reason=below_low_similarity bestSimilarity=0.8291"
time=2026-08-26T23:57:13.249+08:00 level=INFO msg="findOrCreateTag: label=\"特朗普证实中情局局长访俄\" category=event matchType=no_match"
time=2026-08-26T23:57:13.250+08:00 level=INFO msg="findOrCreateTag: label=\"特朗普证实中情局局长访俄\" category=event fallback=create_new"
time=2026-08-26T23:57:15.414+08:00 level=INFO msg="Generated description + 5 keywords for event tag 130307 (欧洲三大股指初步收涨): [欧洲三大股指 STOXX 600 STOXX 50 富时泛欧绩优300 收涨]"
time=2026-08-26T23:57:16.056+08:00 level=WARN msg="[SLOW SQL] 2699.792ms > 200ms | rows=20 | \n\t\tSELECT t.id AS tag_id, e.embedding <=> '[-0.000245,0.008388,-0.037814,0.016948,-0.002269,0.049778,0.062240,0.007510,0.048841,0.005738,0.023084,-0.031321,0.010954,-0.039080,0.091272,-0.043032,-0.019533,-0.059862,0.041969,-0.006672,-0.015969,0.053667,0.022943,0.027810,-0.109931,-0.010855,-0.030877,0.019444,0.010625,0.088910,0.017185,-0.030001,0.054506,0.022052,0.005931,-0.038485,0.013829,-0.003028,-0.049845,0.031742,0.026772,-0.035133,0.026879,0.014724,-0.002437,0.027939,0.008852,-0.026081,-0.032749,-0.004570,-0.000835,0.010357,-0.003620,-0.015530,-0.028479,0.017388,0.110962,-0.004753,0.025430,-0.012785,-0.005343,0.018510,-0.006075,-0.002879,0.000404,-0.016991,-0.002463,0.015792,0.027680,-0.006526,0.047339,-0.005792,-0.013844,0.028347,0.034366,-0.030696,-0.013366,0.016181,-0.006758,0.002446,-0.040684,-0.010188,0.021064,0.050999,0.045460,-0.011349,-0.007082,-0.009822,-0.036629,0.003257,0.004827,0.010264,0.002318,-0.006912,0.002669,-0.006249,0.005607,-0.019991,0.021628,0.000520,-0.018953,-0.045104,0.044019,-0.037025,0.050835,-0.025181,-0.001859,-0.002889,0.002625,-0.003848,0.005997,0.018289,0.015528,0.017214,0.003341,-0.001761,0.022494,0.078570,0.002776,0.028022,0.003095,0.014222,0.006389,0.011804,0.026567,-0.041401,0.007281,0.008101,0.016987,0.017871,0.054825,-0.011681,0.012332,-0.012326,-0.032087,0.000819,0.005379,0.001114,0.016476,0.027805,-0.001683,0.034542,-0.003218,0.001872,-0.016980,-0.020260,0.024193,-0.007387,0.006578,0.010418,0.039006,-0.006716,-0.008582,0.025838,0.005340,0.048495,-0.019553,0.017731,0.008131,-0.007035,-0.036681,0.016878,-0.003096,0.004226,0.008678,0.006874,0.002360,0.013659,0.006456,0.004347,0.009738,-0.029547,0.028549,-0.006975,-0.035831,-0.006062,-0.019385,-0.023840,0.002345,0.004986,-0.004802,0.017778,0.058012,-0.004072,0.023157,-0.000225,-0.001063,0.012747,0.039665,-0.009906,-0.046911,0.009764,-0.023025,-0.011075,-0.004901,-0.005053,0.018855,-0.007424,0.016373,0.049765,0.012358,-0.000288,0.016057,0.003089,-0.001970,-0.003957,0.018844,-0... [truncated]"
time=2026-08-26T23:57:16.057+08:00 level=INFO msg="TagMatch: label=\"智谱推出 GLM-5.3 Flash\" category=event similarity search returned totalCandidates=20 bestSimilarity=0.9173"
time=2026-08-26T23:57:16.058+08:00 level=INFO msg="TagMatch: label=\"智谱推出 GLM-5.3 Flash\" category=event result=no_match reason=below_low_similarity bestSimilarity=0.9173"
time=2026-08-26T23:57:16.058+08:00 level=INFO msg="findOrCreateTag: label=\"智谱推出 GLM-5.3 Flash\" category=event matchType=no_match"
time=2026-08-26T23:57:16.059+08:00 level=INFO msg="findOrCreateTag: label=\"智谱推出 GLM-5.3 Flash\" category=event fallback=create_new"
time=2026-08-26T23:57:18.521+08:00 level=INFO msg="findOrCreateTag: start label=\"FDA\" slug=\"fda\" category=keyword source=llm"
time=2026-08-26T23:57:18.521+08:00 level=INFO msg="TagMatch: start label=\"FDA\" slug=\"fda\" category=keyword threshold=0.92"
time=2026-08-26T23:57:18.522+08:00 level=INFO msg="TagMatch: label=\"FDA\" category=keyword result=exact reason=slug existingID=114452 existingLabel=\"FDA\""
time=2026-08-26T23:57:18.522+08:00 level=INFO msg="findOrCreateTag: label=\"FDA\" category=keyword matchType=exact existingID=114452 existingLabel=\"FDA\""
time=2026-08-26T23:57:19.705+08:00 level=INFO msg="Generated description + 4 keywords for event tag 130309 (特朗普证实中情局局长访俄): [特朗普 中情局局长 访俄 俄乌战事]"
time=2026-08-26T23:57:20.609+08:00 level=INFO msg="Generated description + 5 keywords for event tag 130310 (智谱推出 GLM-5.3 Flash): [智谱 GLM-5.3 Flash DeepSeek 国产芯片 推理服务]"
time=2026-08-26T23:57:24.418+08:00 level=WARN msg="[SLOW SQL] 10720.201ms > 200ms | rows=13083 | SELECT id, merge_embedding FROM \"semantic_labels\" WHERE label_type = 'auxiliary' AND status = 'active' AND merge_embedding IS NOT NULL"
time=2026-08-26T23:57:25.669+08:00 level=INFO msg="findOrCreateTag: start label=\"Rasonque\" slug=\"rasonque\" category=keyword source=llm"
time=2026-08-26T23:57:25.670+08:00 level=INFO msg="TagMatch: start label=\"Rasonque\" slug=\"rasonque\" category=keyword threshold=0.92"
time=2026-08-26T23:57:25.687+08:00 level=WARN msg="auxiliary label dedup gate slow: label=\"俄乌战事\" took=12.4137097s (>50ms), review L1/L2 (embedder/merge) performance"
time=2026-08-26T23:57:25.937+08:00 level=WARN msg="auxiliary label dedup gate slow: label=\"10 万国产卡集群\" took=278.6165ms (>50ms), review L1/L2 (embedder/merge) performance"
time=2026-08-26T23:57:26.230+08:00 level=INFO msg="Successfully tagged article 118876"
time=2026-08-26T23:57:29.107+08:00 level=WARN msg="[SLOW SQL] 2583.814ms > 200ms | rows=20 | \n\t\tSELECT t.id AS tag_id, e.embedding <=> '[-0.000302,0.022796,-0.024642,-0.016828,-0.001920,0.058277,0.060914,0.031373,0.060002,0.073914,-0.006920,-0.022968,0.017100,-0.016513,0.093541,-0.024377,-0.011087,0.024769,0.055366,-0.000703,-0.021645,0.019583,0.049443,0.047763,-0.028268,-0.016122,-0.027269,0.105600,0.012115,0.039489,0.033470,-0.042392,-0.036741,0.019863,0.006444,-0.023892,-0.006805,-0.001514,-0.032580,0.013032,0.020202,-0.025305,0.033380,0.012965,-0.017804,-0.000051,0.016066,0.026009,0.000674,-0.027343,0.006301,-0.000262,0.008494,-0.020644,0.021570,-0.012576,0.121295,-0.015263,-0.009366,0.005611,-0.003470,0.032047,-0.038680,-0.019920,-0.002257,-0.024329,-0.007426,-0.049457,0.024152,0.011608,0.001945,-0.024812,-0.008819,0.016025,-0.001015,-0.031946,-0.012781,0.028528,-0.003479,0.020692,-0.024802,-0.004578,0.017700,0.024493,0.036439,0.024506,0.008410,-0.012110,-0.025938,0.008689,0.003663,-0.002551,0.009630,-0.003071,-0.003229,-0.006908,0.012244,-0.011883,-0.002086,0.007538,-0.011433,-0.028009,0.018369,-0.002673,0.016021,-0.032372,-0.016171,0.003196,-0.013192,0.005858,-0.012977,0.022165,-0.012495,0.014976,0.010862,-0.019486,0.020922,0.067473,0.009844,0.055574,-0.004691,0.006160,-0.021492,0.023293,-0.005483,-0.017873,-0.011810,0.007549,-0.000380,0.015114,0.043603,-0.006652,-0.009454,-0.014820,-0.002028,0.019661,-0.003235,0.017867,-0.000880,0.004775,-0.004799,0.033662,0.000556,0.024253,-0.015045,-0.025890,0.018039,0.000225,0.019076,0.010795,0.013969,0.015720,0.025070,0.039090,-0.004211,0.034954,-0.024995,0.015746,0.022828,0.014661,-0.028471,0.009157,-0.015378,0.052587,0.004372,0.004279,0.014895,-0.012263,0.015086,-0.029477,0.008435,-0.027878,-0.004934,-0.007608,-0.020691,0.004878,-0.009354,-0.010750,0.001658,0.023371,-0.000271,0.011747,0.010388,0.023095,-0.008249,0.006953,-0.009297,0.031138,0.009460,0.000111,-0.059980,0.029826,-0.012580,-0.001782,-0.008484,-0.040264,-0.003573,-0.009899,-0.008250,0.033100,-0.016834,0.006060,0.017080,-0.014135,0.003109,-0.003537,... [truncated]"
time=2026-08-26T23:57:29.107+08:00 level=INFO msg="TagMatch: label=\"Rasonque\" category=keyword similarity search returned totalCandidates=20 bestSimilarity=0.8006"
time=2026-08-26T23:57:29.107+08:00 level=INFO msg="TagMatch: label=\"Rasonque\" category=keyword result=no_match reason=below_low_similarity bestSimilarity=0.8006"
time=2026-08-26T23:57:29.107+08:00 level=INFO msg="findOrCreateTag: label=\"Rasonque\" category=keyword matchType=no_match"
time=2026-08-26T23:57:29.107+08:00 level=INFO msg="findOrCreateTag: label=\"Rasonque\" category=keyword fallback=create_new"
time=2026-08-26T23:57:31.868+08:00 level=INFO msg="findOrCreateTag: start label=\"世界人形机器人运动会\" slug=\"世界人形机器人运动会\" category=keyword source=llm"
time=2026-08-26T23:57:31.868+08:00 level=INFO msg="TagMatch: start label=\"世界人形机器人运动会\" slug=\"世界人形机器人运动会\" category=keyword threshold=0.92"
time=2026-08-26T23:57:31.869+08:00 level=INFO msg="TagMatch: label=\"世界人形机器人运动会\" category=keyword result=exact reason=slug existingID=129651 existingLabel=\"世界人形机器人运动会\""
time=2026-08-26T23:57:31.870+08:00 level=INFO msg="findOrCreateTag: label=\"世界人形机器人运动会\" category=keyword matchType=exact existingID=129651 existingLabel=\"世界人形机器人运动会\""
time=2026-08-26T23:57:34.789+08:00 level=WARN msg="[SLOW SQL] 7621.627ms > 200ms | rows=13085 | SELECT id, merge_embedding FROM \"semantic_labels\" WHERE label_type = 'auxiliary' AND status = 'active' AND merge_embedding IS NOT NULL"
time=2026-08-26T23:57:35.942+08:00 level=INFO msg="findOrCreateTag: start label=\"智元机器人\" slug=\"智元机器人\" category=keyword source=llm"
time=2026-08-26T23:57:35.942+08:00 level=INFO msg="TagMatch: start label=\"智元机器人\" slug=\"智元机器人\" category=keyword threshold=0.92"
time=2026-08-26T23:57:35.953+08:00 level=WARN msg="auxiliary label dedup gate slow: label=\"华为、摩尔线程与海光\" took=9.2592375s (>50ms), review L1/L2 (embedder/merge) performance"
time=2026-08-26T23:57:36.115+08:00 level=WARN msg="auxiliary label dedup gate slow: label=\"Rasonque\" took=189.8808ms (>50ms), review L1/L2 (embedder/merge) performance"
time=2026-08-26T23:57:36.778+08:00 level=WARN msg="[SLOW SQL] 202.819ms > 200ms | rows=14487 | SELECT id, label, slug, label_type, aliases, ref_count, description, status, protected, source, display_order, created_at, updated_at FROM \"semantic_labels\" WHERE label_type = 'auxiliary' AND status = 'active'"
time=2026-08-26T23:57:37.146+08:00 level=INFO msg="findOrCreateTag: start label=\"美国 FDA 批准首个用于转移性胰腺癌的一类新型靶向疗法\" slug=\"美国 fda 批准首个用于转移性胰腺癌的一类新型靶向疗法\" category=event source=llm"
time=2026-08-26T23:57:37.146+08:00 level=INFO msg="TagMatch: start label=\"美国 FDA 批准首个用于转移性胰腺癌的一类新型靶向疗法\" slug=\"美国 fda 批准首个用于转移性胰腺癌的一类新型靶向疗法\" category=event threshold=0.92"
time=2026-08-26T23:57:39.082+08:00 level=WARN msg="[SLOW SQL] 1948.909ms > 200ms | rows=20 | \n\t\tSELECT t.id AS tag_id, e.embedding <=> '[-0.000204,0.038720,-0.072719,-0.030982,-0.002067,0.056335,0.066929,-0.037641,0.046671,-0.037910,0.038598,-0.046292,0.014098,-0.048722,0.015823,-0.020384,0.000192,-0.057102,0.019047,-0.000224,-0.022212,0.028331,0.006990,0.079379,-0.060145,-0.015999,-0.028624,0.018739,-0.026259,0.065279,0.009042,-0.036197,0.030908,0.018184,0.006202,-0.025960,-0.002527,0.001790,-0.017120,0.039055,0.017755,-0.026999,0.022434,0.011553,-0.011176,-0.006334,0.007747,0.022364,0.007037,-0.017214,0.005421,0.006817,-0.004956,-0.021796,-0.020412,0.034152,0.066306,-0.005972,-0.004678,0.059821,0.000405,-0.000310,-0.016339,-0.014540,0.000172,-0.009379,0.004599,-0.022777,0.017238,-0.018315,0.043291,0.002440,-0.002087,0.002482,-0.016493,-0.025912,-0.006698,0.006473,-0.001949,0.013033,-0.038907,-0.025514,0.001626,0.048594,0.035717,0.004667,0.008144,-0.011728,-0.029933,0.008134,-0.017507,-0.026636,0.033088,-0.005629,0.011134,-0.007252,0.025158,-0.010689,0.010662,-0.005479,-0.014237,-0.018981,0.018654,-0.005945,0.014528,-0.013499,-0.005944,-0.007117,-0.012378,-0.002726,-0.019114,0.003969,-0.008164,0.019971,-0.009568,-0.033383,0.013957,0.052680,0.009924,0.028650,0.007696,0.008894,-0.017219,0.008548,0.010725,-0.039518,-0.028629,0.021395,0.022836,0.003498,0.056245,0.004000,0.035840,-0.042398,-0.015662,0.019383,0.018819,0.024091,0.009467,-0.011350,0.005926,0.019247,0.005358,-0.001391,-0.006021,-0.034732,0.020063,-0.002268,0.009859,0.021438,0.009074,0.024995,0.028805,0.051189,-0.006337,-0.004495,-0.050386,0.000273,0.013696,0.027604,-0.014720,0.012596,-0.025133,0.040274,0.025290,0.011015,0.012397,-0.005954,0.018594,-0.003937,0.022196,-0.023253,0.010622,-0.021617,-0.037643,-0.005136,-0.027265,-0.008646,0.005925,-0.021057,-0.013707,0.006056,0.049255,-0.007893,0.010346,-0.008209,-0.007181,0.021299,0.004599,-0.031287,-0.040846,0.017678,0.000597,-0.010548,-0.005749,-0.023468,-0.005273,-0.025215,0.022725,0.032903,-0.005612,0.017841,-0.002934,-0.008885,0.024045,0.007607,-0... [truncated]"
time=2026-08-26T23:57:39.087+08:00 level=INFO msg="TagMatch: label=\"智元机器人\" category=keyword similarity search returned totalCandidates=20 bestSimilarity=0.8576"
time=2026-08-26T23:57:39.088+08:00 level=INFO msg="TagMatch: label=\"智元机器人\" category=keyword result=no_match reason=below_low_similarity bestSimilarity=0.8576"
time=2026-08-26T23:57:39.088+08:00 level=INFO msg="findOrCreateTag: label=\"智元机器人\" category=keyword matchType=no_match"
time=2026-08-26T23:57:39.089+08:00 level=INFO msg="findOrCreateTag: label=\"智元机器人\" category=keyword fallback=create_new"
time=2026-08-26T23:57:39.633+08:00 level=WARN msg="[SLOW SQL] 1769.856ms > 200ms | rows=20 | \n\t\tSELECT t.id AS tag_id, e.embedding <=> '[-0.000316,0.000498,-0.010692,-0.028659,-0.002254,0.073471,0.013062,0.052525,0.046350,0.032320,0.021027,-0.022170,0.016327,-0.038020,0.043147,-0.044850,0.013812,-0.049601,0.061226,0.002834,-0.014497,0.051849,0.055346,0.002622,-0.083584,-0.013009,-0.031287,-0.008626,-0.000132,0.037173,0.002203,-0.005629,0.058136,0.011304,0.003929,-0.026827,-0.020222,-0.005434,-0.049639,0.056846,0.020491,-0.049774,0.004992,0.006706,0.031533,-0.011611,0.009163,-0.028447,-0.005994,-0.028158,0.008815,0.004638,0.008799,-0.021262,-0.024203,0.014221,0.125259,-0.000616,-0.017431,-0.024170,-0.001026,-0.016871,-0.004678,-0.017873,-0.001543,-0.016500,-0.049056,0.019156,0.019080,0.016750,0.015774,-0.000453,-0.030676,0.009879,-0.004281,-0.025543,-0.013515,0.023222,-0.016162,-0.004613,-0.028715,0.023134,0.014314,0.075700,0.031308,-0.005526,0.039239,-0.004569,-0.029706,0.002848,-0.005457,0.019664,-0.006544,-0.008664,0.001262,-0.001963,-0.004603,-0.005517,-0.011763,0.003822,-0.021696,-0.017732,0.070194,0.001953,0.001289,-0.025517,-0.003614,-0.005895,-0.005979,-0.019312,-0.026773,-0.004534,-0.014746,0.025555,-0.023469,-0.022918,-0.004212,-0.065857,0.000071,-0.073093,0.008692,0.018564,-0.019828,0.002463,0.016106,0.002341,0.013848,-0.007778,0.006528,-0.004046,0.021221,-0.015908,-0.005841,0.003036,-0.012022,0.011657,0.008916,-0.002879,0.000254,0.011009,-0.004189,0.015980,0.012528,0.017886,-0.022083,-0.074012,0.011351,-0.009715,0.003037,0.008363,0.017175,-0.001844,-0.016947,0.024359,0.000876,0.004944,-0.018296,0.001215,0.009088,0.002075,0.002170,0.008740,-0.008144,0.028798,0.029921,0.011221,0.039273,-0.010365,-0.011937,0.013923,-0.001414,-0.024172,0.019399,-0.005867,-0.011286,-0.013299,0.016804,-0.037074,0.006840,0.018573,-0.002445,-0.012319,0.025796,0.002101,0.016221,-0.001662,-0.000032,0.028349,0.007247,-0.011151,-0.063651,0.005187,0.005383,-0.012513,-0.012379,0.004437,0.010564,0.008626,-0.010523,0.025154,0.007932,0.006872,0.027680,-0.000066,0.031231,-0.026172... [truncated]"
time=2026-08-26T23:57:39.635+08:00 level=INFO msg="TagMatch: label=\"美国 FDA 批准首个用于转移性胰腺癌的一类新型靶向疗法\" category=event similarity search returned totalCandidates=20 bestSimilarity=0.7537"
time=2026-08-26T23:57:39.635+08:00 level=INFO msg="TagMatch: label=\"美国 FDA 批准首个用于转移性胰腺癌的一类新型靶向疗法\" category=event result=no_match reason=below_low_similarity bestSimilarity=0.7537"
time=2026-08-26T23:57:39.637+08:00 level=INFO msg="findOrCreateTag: label=\"美国 FDA 批准首个用于转移性胰腺癌的一类新型靶向疗法\" category=event matchType=no_match"
time=2026-08-26T23:57:39.639+08:00 level=INFO msg="findOrCreateTag: label=\"美国 FDA 批准首个用于转移性胰腺癌的一类新型靶向疗法\" category=event fallback=create_new"
time=2026-08-26T23:57:41.845+08:00 level=INFO msg="Generated description + 5 keywords for event tag 130313 (美国 FDA 批准首个用于转移性胰腺癌的一类新型靶向疗法): [美国 FDA Rasonque 转移性胰腺癌 靶向疗法 批准]"
time=2026-08-26T23:57:45.839+08:00 level=INFO msg="Auto Refresh: triggered 0 feeds (scanned=23, due=0, stale_reset=0)"
time=2026-08-26T23:57:45.943+08:00 level=INFO msg="Content Completion: no pending content to complete"
time=2026-08-26T23:57:47.836+08:00 level=WARN msg="[SLOW SQL] 10439.303ms > 200ms | rows=13087 | SELECT id, merge_embedding FROM \"semantic_labels\" WHERE label_type = 'auxiliary' AND status = 'active' AND merge_embedding IS NOT NULL"
time=2026-08-26T23:57:48.963+08:00 level=WARN msg="auxiliary label dedup gate slow: label=\"智谱推出 GLM-5.3 Flash\" took=12.1844119s (>50ms), review L1/L2 (embedder/merge) performance"
time=2026-08-26T23:57:49.102+08:00 level=INFO msg="Successfully tagged article 118875"
time=2026-08-26T23:57:49.235+08:00 level=WARN msg="auxiliary label dedup gate slow: label=\"美国 FDA\" took=168.1755ms (>50ms), review L1/L2 (embedder/merge) performance"
time=2026-08-26T23:57:49.380+08:00 level=WARN msg="auxiliary label dedup gate slow: label=\"智元机器人\" took=313.5206ms (>50ms), review L1/L2 (embedder/merge) performance"
time=2026-08-26T23:57:50.154+08:00 level=INFO msg="findOrCreateTag: start label=\"智元获第二届世界人形机器人运动会金牌榜、奖牌榜双第一\" slug=\"智元获第二届世界人形机器人运动会金牌榜-奖牌榜双第一\" category=event source=llm"
time=2026-08-26T23:57:50.154+08:00 level=INFO msg="TagMatch: start label=\"智元获第二届世界人形机器人运动会金牌榜、奖牌榜双第一\" slug=\"智元获第二届世界人形机器人运动会金牌榜-奖牌榜双第一\" category=event threshold=0.92"
time=2026-08-26T23:57:53.928+08:00 level=WARN msg="[SLOW SQL] 2731.401ms > 200ms | rows=20 | \n\t\tSELECT t.id AS tag_id, e.embedding <=> '[-0.000275,-0.017069,-0.024463,-0.013114,-0.002106,0.049872,0.043192,0.032065,0.049074,-0.038982,0.031432,-0.034322,0.010305,-0.047328,0.050794,-0.051029,0.012876,-0.054836,0.008739,0.000241,-0.010025,0.047051,0.056143,0.051251,-0.064057,-0.029545,-0.030145,-0.025560,-0.009104,0.058896,-0.013580,-0.031088,0.035907,0.008286,0.001770,-0.011455,0.005331,-0.001181,-0.025201,0.033420,0.026668,-0.008449,0.017194,0.001596,-0.012166,-0.005986,0.011977,-0.009057,0.003502,-0.016323,0.007552,0.009021,0.015447,-0.020493,-0.044723,0.002525,0.095054,-0.001156,0.012745,0.031202,0.002461,-0.011574,-0.023930,-0.001471,-0.000920,-0.023214,-0.025362,-0.028269,0.018013,0.011465,0.043282,-0.041565,0.003238,0.011478,0.002580,-0.024518,-0.014844,0.017741,0.004299,-0.013113,-0.049642,-0.005791,0.018122,0.027851,0.036711,0.015042,0.018170,-0.011321,-0.026788,-0.000420,-0.003401,-0.026243,0.014333,-0.014788,0.006587,-0.016332,0.018677,-0.010421,0.010904,-0.003399,-0.003867,-0.021075,0.000644,-0.016731,0.039833,-0.011512,-0.009151,0.011021,-0.004239,0.003731,-0.009027,-0.005899,-0.002695,0.011751,-0.018960,-0.016248,0.015097,0.053766,0.011268,-0.013220,0.012068,0.020603,0.004256,0.002898,-0.001247,-0.028976,-0.028200,0.016075,0.029532,0.018954,0.059868,-0.026559,0.034619,-0.009237,-0.007937,-0.009158,0.007694,0.002271,0.002927,-0.003550,0.013299,0.021156,0.005218,0.001644,-0.004151,-0.020789,0.027678,0.006437,0.016795,0.010360,0.028671,0.010896,0.009484,0.027876,-0.017456,0.019108,-0.036709,0.005358,0.007228,0.017934,0.003034,0.000961,0.025284,0.045453,0.018200,-0.003380,0.035489,-0.002289,0.019172,0.023725,-0.016160,-0.019186,0.020428,-0.015629,-0.020076,-0.013196,-0.041370,-0.032303,0.000166,-0.025160,-0.013921,-0.024202,0.056214,0.018233,-0.001085,0.003525,-0.001044,0.005185,0.004754,-0.010867,-0.065326,-0.010577,-0.004758,0.019719,-0.008299,-0.013330,-0.008438,-0.016192,0.055198,0.035124,0.014622,0.012983,-0.004031,0.015156,0.007172,-0.007429,-0.... [truncated]"
time=2026-08-26T23:57:53.929+08:00 level=INFO msg="TagMatch: label=\"智元获第二届世界人形机器人运动会金牌榜、奖牌榜双第一\" category=event similarity search returned totalCandidates=20 bestSimilarity=0.7979"
time=2026-08-26T23:57:53.931+08:00 level=INFO msg="TagMatch: label=\"智元获第二届世界人形机器人运动会金牌榜、奖牌榜双第一\" category=event result=no_match reason=below_low_similarity bestSimilarity=0.7979"
time=2026-08-26T23:57:53.931+08:00 level=INFO msg="findOrCreateTag: label=\"智元获第二届世界人形机器人运动会金牌榜、奖牌榜双第一\" category=event matchType=no_match"
time=2026-08-26T23:57:53.932+08:00 level=INFO msg="findOrCreateTag: label=\"智元获第二届世界人形机器人运动会金牌榜、奖牌榜双第一\" category=event fallback=create_new"
time=2026-08-26T23:57:55.847+08:00 level=INFO msg="Generated description + 5 keywords for event tag 130314 (智元获第二届世界人形机器人运动会金牌榜、奖牌榜双第一): [智元 世界人形机器人运动会 北京 金牌榜 量产机]"
time=2026-08-26T23:57:57.339+08:00 level=INFO msg="findOrCreateTag: start label=\"WMCC\" slug=\"wmcc\" category=keyword source=llm"
time=2026-08-26T23:57:57.339+08:00 level=INFO msg="TagMatch: start label=\"WMCC\" slug=\"wmcc\" category=keyword threshold=0.92"
time=2026-08-26T23:58:00.527+08:00 level=WARN msg="[SLOW SQL] 2705.946ms > 200ms | rows=20 | \n\t\tSELECT t.id AS tag_id, e.embedding <=> '[-0.000007,0.030276,-0.035813,-0.039359,-0.001557,0.067855,0.056210,-0.038631,0.060502,0.034310,0.025310,0.009331,0.016829,-0.036056,0.054239,-0.045888,-0.008784,-0.026421,-0.040295,0.000078,-0.026413,0.010937,0.058615,0.015876,-0.047107,-0.072678,-0.029593,0.090827,0.000841,0.061552,0.023274,-0.036466,0.033017,0.004530,0.005815,-0.031935,0.005935,0.001421,-0.032690,0.028742,0.015656,-0.040276,0.037462,-0.001002,0.031878,0.012694,0.011443,0.012569,0.000095,-0.027069,0.000830,-0.001262,0.016360,-0.030139,0.024909,0.006642,0.090786,-0.015767,-0.013594,-0.000603,-0.005269,0.027055,-0.026025,-0.026535,0.003576,-0.032386,-0.012313,-0.044227,0.037591,0.023008,-0.008019,-0.024243,-0.000416,0.007085,0.020574,-0.039665,-0.018516,0.023541,-0.021022,0.013940,-0.020386,0.003183,0.020894,0.045148,0.021293,-0.006428,0.006282,-0.011660,-0.027091,0.000405,-0.001632,-0.009714,0.015251,-0.014020,0.002661,-0.007649,0.005652,-0.019669,0.010413,0.006349,-0.015895,-0.028075,0.014186,-0.018641,-0.014835,-0.018571,-0.006103,-0.006167,0.009584,-0.011141,-0.017994,0.007425,-0.015544,0.011572,-0.010310,-0.014192,0.016311,0.068752,-0.007506,0.044898,-0.001530,0.011779,0.001697,0.025348,0.010371,-0.002280,-0.009367,-0.013435,0.000122,-0.016692,0.040941,-0.003122,-0.019047,-0.023639,0.014882,0.015808,0.009578,0.023863,0.020894,0.015435,-0.012693,0.037831,0.000784,-0.004999,-0.031976,-0.042354,-0.006163,0.022567,0.012309,0.011130,0.030860,0.001703,0.034436,0.024115,-0.005451,0.037908,-0.032564,0.008776,0.020319,0.033077,-0.027242,0.024490,0.003952,0.006317,0.015204,0.022998,-0.002675,0.008784,0.009993,-0.004718,0.037630,-0.028561,0.005944,-0.015426,-0.019795,0.004028,-0.005028,0.023962,-0.000339,0.022410,-0.007002,0.002051,0.056307,-0.000752,0.002543,-0.000615,-0.006970,0.013506,0.017128,-0.011828,-0.049070,0.017152,-0.003112,-0.003644,-0.015095,-0.024342,-0.009775,-0.024245,-0.012147,0.041341,-0.010025,0.026782,0.013737,-0.026121,0.018615,-0.003971,0.01... [truncated]"
time=2026-08-26T23:58:00.528+08:00 level=INFO msg="TagMatch: label=\"WMCC\" category=keyword similarity search returned totalCandidates=20 bestSimilarity=0.8056"
time=2026-08-26T23:58:00.528+08:00 level=INFO msg="TagMatch: label=\"WMCC\" category=keyword result=no_match reason=below_low_similarity bestSimilarity=0.8056"
time=2026-08-26T23:58:00.528+08:00 level=INFO msg="findOrCreateTag: label=\"WMCC\" category=keyword matchType=no_match"
time=2026-08-26T23:58:00.529+08:00 level=INFO msg="findOrCreateTag: label=\"WMCC\" category=keyword fallback=create_new"
time=2026-08-26T23:58:01.194+08:00 level=WARN msg="[SLOW SQL] 10833.231ms > 200ms | rows=13088 | SELECT id, merge_embedding FROM \"semantic_labels\" WHERE label_type = 'auxiliary' AND status = 'active' AND merge_embedding IS NOT NULL"
time=2026-08-26T23:58:02.477+08:00 level=WARN msg="auxiliary label dedup gate slow: label=\"daraxonrasib\" took=12.6939039s (>50ms), review L1/L2 (embedder/merge) performance"
time=2026-08-26T23:58:02.660+08:00 level=WARN msg="[SLOW SQL] 205.397ms > 200ms | rows=14489 | SELECT id, label, slug, label_type, aliases, ref_count, description, status, protected, source, display_order, created_at, updated_at FROM \"semantic_labels\" WHERE label_type = 'auxiliary' AND status = 'active'"
time=2026-08-26T23:58:12.179+08:00 level=WARN msg="[SLOW SQL] 9140.815ms > 200ms | rows=13087 | SELECT id, merge_embedding FROM \"semantic_labels\" WHERE label_type = 'auxiliary' AND status = 'active' AND merge_embedding IS NOT NULL"
time=2026-08-26T23:58:13.302+08:00 level=WARN msg="auxiliary label dedup gate slow: label=\"转移性胰腺癌\" took=10.4178929s (>50ms), review L1/L2 (embedder/merge) performance"
time=2026-08-26T23:58:13.302+08:00 level=WARN msg="auxiliary label dedup gate slow: label=\"WMCC\" took=10.642242s (>50ms), review L1/L2 (embedder/merge) performance"
time=2026-08-26T23:58:13.303+08:00 level=WARN msg="auxiliary label dedup gate slow: label=\"北京国家速滑馆冰丝带\" took=10.6217496s (>50ms), review L1/L2 (embedder/merge) performance"
time=2026-08-26T23:58:13.515+08:00 level=WARN msg="[SLOW SQL] 206.731ms > 200ms | rows=14489 | SELECT id, label, slug, label_type, aliases, ref_count, description, status, protected, source, display_order, created_at, updated_at FROM \"semantic_labels\" WHERE label_type = 'auxiliary' AND status = 'active'"
time=2026-08-26T23:58:13.774+08:00 level=INFO msg="findOrCreateTag: start label=\"中印边界问题特别代表第 25 次会晤达成 8 点成果共识\" slug=\"中印边界问题特别代表第 25 次会晤达成 8 点成果共识\" category=event source=llm"
time=2026-08-26T23:58:13.775+08:00 level=INFO msg="TagMatch: start label=\"中印边界问题特别代表第 25 次会晤达成 8 点成果共识\" slug=\"中印边界问题特别代表第 25 次会晤达成 8 点成果共识\" category=event threshold=0.92"
time=2026-08-26T23:58:17.380+08:00 level=WARN msg="[SLOW SQL] 2636.200ms > 200ms | rows=20 | \n\t\tSELECT t.id AS tag_id, e.embedding <=> '[-0.000334,-0.019812,0.032314,0.005039,-0.002025,0.028173,0.043427,0.060682,0.052708,0.008262,0.028663,-0.023966,0.010012,-0.022290,0.109787,-0.024980,-0.013075,0.009442,0.065038,0.001299,-0.012581,0.045051,0.040407,0.031891,-0.045829,-0.010679,-0.024967,0.003783,0.004640,0.028771,0.000901,-0.020232,0.031591,0.010993,0.006553,-0.015290,0.016449,-0.002094,-0.022291,0.039789,0.014125,-0.071209,0.012283,0.002510,-0.006067,0.029655,0.014006,-0.030672,0.009517,-0.033964,0.006810,0.003856,-0.032900,-0.012966,-0.007238,-0.046969,0.124057,-0.003855,-0.007343,0.017834,-0.003714,0.010495,-0.027221,-0.001172,0.000510,-0.021954,-0.036488,0.026757,0.015373,-0.013166,-0.000313,-0.064941,-0.019505,0.010551,0.041180,-0.021149,-0.014032,0.024711,-0.034091,0.020917,-0.061257,0.013644,0.023134,0.010976,0.045484,-0.009033,0.006090,0.000482,-0.055255,0.010419,0.011569,-0.005434,0.021268,0.005195,0.003427,-0.005135,0.012809,-0.010820,0.001804,0.004399,0.003699,-0.009484,0.011819,-0.021467,0.035904,-0.018756,0.000778,0.005937,-0.002367,0.015858,-0.007814,-0.006591,-0.014701,-0.003106,-0.009084,-0.007572,0.041629,0.061216,-0.008192,-0.031183,0.006977,0.020766,-0.003431,0.025892,-0.008839,-0.017338,-0.018048,0.001575,0.068231,0.005504,0.064659,-0.030664,-0.007975,-0.010044,-0.009260,-0.024642,-0.001828,-0.023650,0.004862,-0.008048,0.001012,0.024059,-0.004958,0.031441,-0.021596,-0.046031,0.008804,-0.019387,0.014878,0.011240,0.008355,-0.008643,0.006975,0.010192,-0.017882,0.017264,-0.023792,-0.006121,0.001981,0.017274,-0.021851,-0.004407,0.000961,0.029760,0.012853,0.003565,0.027809,-0.007170,-0.004914,-0.013639,-0.007971,-0.027757,0.011050,-0.014292,-0.030115,-0.025186,-0.009457,-0.023512,0.004605,-0.030661,-0.005595,-0.075845,0.022685,0.021659,0.013664,-0.015108,-0.008041,-0.003283,0.000899,-0.007248,-0.083047,0.013037,-0.021331,0.004506,-0.010946,-0.015556,-0.012821,-0.043115,0.011711,0.023934,-0.010347,0.009789,0.019144,0.013642,-0.004289,-0.017543... [truncated]"
time=2026-08-26T23:58:17.382+08:00 level=INFO msg="TagMatch: label=\"中印边界问题特别代表第 25 次会晤达成 8 点成果共识\" category=event similarity search returned totalCandidates=20 bestSimilarity=0.7844"
time=2026-08-26T23:58:17.382+08:00 level=INFO msg="TagMatch: label=\"中印边界问题特别代表第 25 次会晤达成 8 点成果共识\" category=event result=no_match reason=below_low_similarity bestSimilarity=0.7844"
time=2026-08-26T23:58:17.382+08:00 level=INFO msg="findOrCreateTag: label=\"中印边界问题特别代表第 25 次会晤达成 8 点成果共识\" category=event matchType=no_match"
time=2026-08-26T23:58:17.383+08:00 level=INFO msg="findOrCreateTag: label=\"中印边界问题特别代表第 25 次会晤达成 8 点成果共识\" category=event fallback=create_new"
time=2026-08-26T23:58:19.687+08:00 level=INFO msg="Generated description + 5 keywords for event tag 130316 (中印边界问题特别代表第 25 次会晤达成 8 点成果共识): [中印边界 特别代表会晤 王毅 多瓦尔 划界专家小组]"
time=2026-08-26T23:58:24.355+08:00 level=WARN msg="[SLOW SQL] 10172.408ms > 200ms | rows=13087 | SELECT id, merge_embedding FROM \"semantic_labels\" WHERE label_type = 'auxiliary' AND status = 'active' AND merge_embedding IS NOT NULL"
time=2026-08-26T23:58:25.664+08:00 level=WARN msg="auxiliary label dedup gate slow: label=\"金牌榜和奖牌榜双第一\" took=12.1484161s (>50ms), review L1/L2 (embedder/merge) performance"
time=2026-08-26T23:58:33.687+08:00 level=WARN msg="[SLOW SQL] 7377.148ms > 200ms | rows=13088 | SELECT id, merge_embedding FROM \"semantic_labels\" WHERE label_type = 'auxiliary' AND status = 'active' AND merge_embedding IS NOT NULL"
time=2026-08-26T23:58:34.824+08:00 level=WARN msg="auxiliary label dedup gate slow: label=\"多瓦尔\" took=8.922889s (>50ms), review L1/L2 (embedder/merge) performance"
time=2026-08-26T23:58:34.824+08:00 level=WARN msg="auxiliary label dedup gate slow: label=\"美国 FDA 批准 Rasonque\" took=8.922889s (>50ms), review L1/L2 (embedder/merge) performance"
time=2026-08-26T23:58:34.824+08:00 level=WARN msg="auxiliary label dedup gate slow: label=\"精灵G2、灵犀X2、远征A3\" took=8.6760948s (>50ms), review L1/L2 (embedder/merge) performance"
time=2026-08-26T23:58:35.288+08:00 level=INFO msg="findOrCreateTag: start label=\"灵巧手\" slug=\"灵巧手\" category=keyword source=llm"
time=2026-08-26T23:58:35.288+08:00 level=INFO msg="TagMatch: start label=\"灵巧手\" slug=\"灵巧手\" category=keyword threshold=0.92"
time=2026-08-26T23:58:35.292+08:00 level=INFO msg="TagMatch: label=\"灵巧手\" category=keyword result=exact reason=slug existingID=111236 existingLabel=\"灵巧手\""
time=2026-08-26T23:58:35.292+08:00 level=INFO msg="findOrCreateTag: label=\"灵巧手\" category=keyword matchType=exact existingID=111236 existingLabel=\"灵巧手\""
time=2026-08-26T23:58:35.526+08:00 level=WARN msg="[SLOW SQL] 224.057ms > 200ms | rows=14492 | SELECT id, label, slug, label_type, aliases, ref_count, description, status, protected, source, display_order, created_at, updated_at FROM \"semantic_labels\" WHERE label_type = 'auxiliary' AND status = 'active'"
time=2026-08-26T23:58:35.565+08:00 level=INFO msg="Successfully tagged article 118878"
time=2026-08-26T23:58:35.581+08:00 level=INFO msg="findOrCreateTag: start label=\"靶向疗法\" slug=\"靶向疗法\" category=keyword source=llm"
time=2026-08-26T23:58:35.581+08:00 level=INFO msg="TagMatch: start label=\"靶向疗法\" slug=\"靶向疗法\" category=keyword threshold=0.92"
time=2026-08-26T23:58:38.103+08:00 level=INFO msg="findOrCreateTag: start label=\"MSC 暂停俄罗斯黑海服务\" slug=\"msc 暂停俄罗斯黑海服务\" category=event source=llm"
time=2026-08-26T23:58:38.103+08:00 level=INFO msg="TagMatch: start label=\"MSC 暂停俄罗斯黑海服务\" slug=\"msc 暂停俄罗斯黑海服务\" category=event threshold=0.92"
time=2026-08-26T23:58:39.456+08:00 level=WARN msg="[SLOW SQL] 3117.953ms > 200ms | rows=20 | \n\t\tSELECT t.id AS tag_id, e.embedding <=> '[-0.000314,0.036303,-0.024124,-0.050610,-0.002519,0.082330,0.049056,-0.002839,0.044649,0.011044,0.036692,-0.010111,0.011273,-0.033932,-0.016610,-0.037193,-0.019720,-0.032091,-0.004945,0.000529,-0.016952,0.051171,0.024390,0.043581,-0.054416,-0.021558,-0.029374,0.020156,-0.006011,0.030379,0.036487,-0.028433,0.011755,-0.001893,0.005825,-0.023151,-0.004488,-0.010551,-0.036414,0.014373,0.040055,-0.065567,0.019978,0.016165,0.023235,0.011530,0.012621,-0.004303,0.003837,-0.025977,0.007617,0.003369,-0.018777,-0.023727,0.005230,0.016824,0.063445,-0.017533,-0.009617,0.027024,0.005560,-0.000236,-0.036899,-0.028337,0.001037,-0.013553,-0.033189,-0.005142,0.024211,0.000788,-0.004802,-0.004505,-0.005205,-0.003084,0.003613,-0.030631,-0.010836,0.012458,-0.008156,0.012181,-0.027895,-0.007858,0.005515,0.087355,0.028613,-0.000075,0.029980,-0.013921,-0.026505,0.002541,0.009523,-0.004583,-0.001944,-0.020130,-0.006623,-0.006454,-0.010994,-0.009937,-0.005088,0.005748,-0.020399,-0.016803,0.055838,-0.001702,0.020980,-0.022462,-0.017086,-0.007920,-0.013001,-0.024254,-0.026219,-0.012048,-0.034400,0.030856,-0.011863,-0.026541,0.008098,-0.011899,0.005440,0.000871,0.003645,0.008574,-0.022948,0.004154,0.016199,-0.011695,-0.011754,-0.002872,0.014616,0.019048,0.025352,-0.017933,-0.022803,-0.023339,0.005695,0.020579,0.004182,-0.000567,0.006433,0.014775,-0.001541,0.002945,0.012461,-0.000410,-0.011299,-0.078313,0.005550,0.000525,0.009531,0.007693,0.003359,0.019427,0.015220,0.026601,0.001945,0.001634,-0.040364,0.005351,0.019383,0.027594,-0.001601,0.008834,-0.031607,0.044442,0.001749,0.020719,0.020025,-0.008165,-0.005082,0.008791,0.000023,-0.021845,0.009733,-0.022002,-0.026233,0.004160,0.015105,-0.050535,-0.002367,0.019274,-0.004903,-0.000189,0.052266,0.003291,0.032151,0.004872,-0.006477,0.029978,0.005456,0.001404,-0.041473,0.011317,-0.004311,-0.013131,-0.004360,-0.009409,-0.013361,0.006090,0.006858,0.048658,-0.005692,0.030357,0.034767,-0.012328,0.024514,-0.00896... [truncated]"
time=2026-08-26T23:58:39.458+08:00 level=INFO msg="TagMatch: label=\"靶向疗法\" category=keyword similarity search returned totalCandidates=20 bestSimilarity=0.7581"
time=2026-08-26T23:58:39.460+08:00 level=INFO msg="TagMatch: label=\"靶向疗法\" category=keyword result=no_match reason=below_low_similarity bestSimilarity=0.7581"
time=2026-08-26T23:58:39.460+08:00 level=INFO msg="findOrCreateTag: label=\"靶向疗法\" category=keyword matchType=no_match"
time=2026-08-26T23:58:39.462+08:00 level=INFO msg="findOrCreateTag: label=\"靶向疗法\" category=keyword fallback=create_new"
time=2026-08-26T23:58:40.498+08:00 level=WARN msg="[SLOW SQL] 1994.441ms > 200ms | rows=20 | \n\t\tSELECT t.id AS tag_id, e.embedding <=> '[-0.000332,-0.008130,-0.007660,-0.005201,-0.002441,0.083697,0.012328,-0.018160,0.049427,0.009729,0.041377,0.010161,0.016118,0.010100,0.057409,-0.002357,-0.017299,-0.033900,0.035630,0.007263,-0.010197,0.031395,0.031484,-0.000263,-0.063622,-0.006607,-0.023860,0.011344,-0.008418,0.025726,-0.031971,-0.023971,0.027678,0.011204,0.002511,-0.017014,-0.008370,0.003390,0.000904,0.078369,0.036069,-0.040487,0.025966,0.015034,0.042358,0.004463,-0.000753,-0.019246,-0.010954,-0.034352,0.011124,0.001277,0.013580,-0.018993,0.021610,-0.045158,0.110090,-0.004111,-0.009754,-0.004524,-0.007918,0.015446,-0.008058,-0.007224,-0.001385,-0.014306,-0.025903,0.032161,0.018241,0.014495,-0.012269,-0.063199,-0.027675,0.012080,0.027139,-0.030263,-0.003805,0.024767,-0.026727,-0.002262,-0.055817,0.027243,0.012892,-0.011746,0.042889,-0.008539,-0.009669,0.001363,-0.047975,0.029095,-0.007453,-0.010330,0.005467,0.044405,0.006449,0.000329,-0.003875,-0.003268,0.009290,0.000461,-0.014839,-0.015492,0.021207,-0.025763,0.012443,-0.021544,-0.001668,-0.002032,0.003100,0.006128,-0.014006,0.004128,-0.010906,-0.006267,0.014489,-0.014671,-0.003037,0.011255,0.009300,-0.011222,0.001805,0.013003,0.004909,0.020317,-0.000552,-0.046634,0.002377,-0.006401,-0.006969,-0.002619,0.063635,-0.035767,0.009245,-0.005056,-0.040133,0.003610,0.004015,0.014355,-0.021117,0.009405,0.000618,0.021437,0.011921,0.026142,-0.012627,-0.054513,0.002937,0.002801,0.018468,0.004640,0.011353,0.008534,-0.002059,0.006139,0.011307,0.014710,-0.019261,-0.003044,0.024547,-0.022276,-0.020476,0.000874,0.019944,0.030755,0.000530,0.015697,-0.000542,-0.008567,-0.021878,-0.026189,0.001189,-0.039078,0.019438,-0.009796,-0.014833,-0.008078,0.008595,-0.024276,0.007005,0.000742,-0.012187,-0.037657,0.016916,0.017410,0.007009,-0.002362,-0.021451,0.020227,0.016003,-0.000677,-0.019906,0.031658,-0.000460,0.001296,-0.001148,-0.030009,-0.003874,-0.000735,-0.006495,0.030053,-0.017295,-0.005522,0.052501,-0.000377,0.010018,0.001252... [truncated]"
time=2026-08-26T23:58:40.499+08:00 level=INFO msg="TagMatch: label=\"MSC 暂停俄罗斯黑海服务\" category=event similarity search returned totalCandidates=20 bestSimilarity=0.6870"
time=2026-08-26T23:58:40.502+08:00 level=INFO msg="TagMatch: label=\"MSC 暂停俄罗斯黑海服务\" category=event result=no_match reason=below_low_similarity bestSimilarity=0.6870"
time=2026-08-26T23:58:40.502+08:00 level=INFO msg="findOrCreateTag: label=\"MSC 暂停俄罗斯黑海服务\" category=event matchType=no_match"
time=2026-08-26T23:58:40.504+08:00 level=INFO msg="findOrCreateTag: label=\"MSC 暂停俄罗斯黑海服务\" category=event fallback=create_new"
time=2026-08-26T23:58:42.157+08:00 level=INFO msg="Generated description + 5 keywords for event tag 130318 (MSC 暂停俄罗斯黑海服务): [MSC 俄罗斯 黑海 无人机袭击 暂停服务]"
time=2026-08-26T23:58:44.239+08:00 level=WARN msg="[SLOW SQL] 8380.133ms > 200ms | rows=13094 | SELECT id, merge_embedding FROM \"semantic_labels\" WHERE label_type = 'auxiliary' AND status = 'active' AND merge_embedding IS NOT NULL"
time=2026-08-26T23:58:45.471+08:00 level=WARN msg="auxiliary label dedup gate slow: label=\"第 25 次特代会晤\" took=9.8853409s (>50ms), review L1/L2 (embedder/merge) performance"
time=2026-08-26T23:58:45.618+08:00 level=WARN msg="auxiliary label dedup gate slow: label=\"靶向疗法\" took=177.0802ms (>50ms), review L1/L2 (embedder/merge) performance"
time=2026-08-26T23:58:45.862+08:00 level=INFO msg="Auto Refresh: triggered 1 feeds (scanned=23, due=1, stale_reset=0)"
time=2026-08-26T23:58:45.991+08:00 level=INFO msg="Content Completion: no pending content to complete"
time=2026-08-26T23:58:46.200+08:00 level=WARN msg="auxiliary label dedup gate slow: label=\"MSC\" took=759.0087ms (>50ms), review L1/L2 (embedder/merge) performance"
time=2026-08-26T23:58:46.288+08:00 level=INFO msg="[cleanup] feed 1: max=100, active=100"
time=2026-08-26T23:58:46.289+08:00 level=INFO msg="[cleanup] feed 1: skip, active article count within limit"
time=2026-08-26T23:58:46.605+08:00 level=INFO msg="Successfully tagged article 118877"
time=2026-08-26T23:58:50.690+08:00 level=WARN msg="event/person extraction: dropping invalid auxiliary labels for \"泽连斯基视察乌军前线部队\" (category=event): description must not only repeat label"
time=2026-08-26T23:58:50.692+08:00 level=INFO msg="findOrCreateTag: start label=\"亚历山德里夫卡\" slug=\"亚历山德里夫卡\" category=keyword source=llm"
time=2026-08-26T23:58:50.692+08:00 level=INFO msg="TagMatch: start label=\"亚历山德里夫卡\" slug=\"亚历山德里夫卡\" category=keyword threshold=0.92"
time=2026-08-26T23:58:53.024+08:00 level=WARN msg="[SLOW SQL] 1871.359ms > 200ms | rows=20 | \n\t\tSELECT t.id AS tag_id, e.embedding <=> '[-0.000156,0.023740,-0.032554,-0.004897,-0.001874,0.050556,0.043452,0.045996,0.055778,0.049875,-0.016150,-0.028361,0.015131,-0.059010,0.047210,0.005813,-0.018649,-0.040861,0.028032,0.005522,-0.014988,0.002041,0.024459,0.068496,-0.032173,-0.008210,-0.026651,-0.000926,0.011236,0.063555,-0.018376,-0.017478,0.079732,0.036303,0.009578,-0.020337,-0.010188,0.000376,-0.028417,0.006836,0.018512,-0.047670,0.010160,0.010551,-0.029118,0.010453,0.006094,0.018502,0.007373,-0.020794,-0.003930,-0.008653,-0.002977,-0.009601,0.006490,-0.042902,0.122838,-0.011728,-0.025387,-0.031510,0.002044,0.012218,-0.013357,-0.027633,0.000489,-0.014303,0.004463,0.047580,0.026627,0.020152,-0.023317,-0.029902,-0.016650,0.022772,0.002964,-0.021700,-0.005632,0.028269,-0.013345,0.003479,-0.008975,0.015851,0.022662,0.022774,0.040655,0.009487,0.001974,-0.013983,-0.030215,-0.003501,-0.000211,-0.023632,0.010942,-0.008850,0.004366,0.009699,0.013859,-0.011141,0.032145,-0.002235,-0.003416,-0.018891,0.010990,0.013038,0.040563,-0.026142,-0.023348,-0.001415,0.014922,0.025261,-0.015109,-0.006651,-0.025733,0.011942,-0.014258,-0.028054,0.023570,0.036339,-0.002260,0.018824,0.007550,0.022206,-0.036624,0.019346,-0.014673,-0.034386,0.002881,-0.004254,-0.012448,0.004779,0.022711,-0.000267,0.008007,-0.004815,0.006558,-0.018901,-0.002482,0.001202,-0.014075,0.005264,0.000918,0.030991,-0.007654,0.016248,-0.018589,-0.032995,-0.007288,0.005588,0.010805,0.013622,0.026896,0.007725,0.004198,-0.008640,-0.009751,0.021472,-0.041459,0.005802,0.004809,0.014130,-0.017703,0.018029,0.017530,0.047749,0.003765,0.002421,0.029491,0.013941,-0.001549,0.002980,-0.004744,-0.033541,-0.005008,-0.021307,-0.008986,-0.000378,-0.008000,-0.002247,0.020128,0.016898,-0.008566,-0.005775,0.040500,-0.019317,0.006020,-0.008556,-0.009656,0.030171,-0.000312,-0.000545,-0.063323,0.017721,-0.003275,-0.026798,-0.000801,-0.019827,0.007626,-0.015064,0.013163,0.003495,-0.004614,0.004189,0.023010,-0.001361,-0.006893,-0.004470... [truncated]"
time=2026-08-26T23:58:53.024+08:00 level=INFO msg="TagMatch: label=\"亚历山德里夫卡\" category=keyword similarity search returned totalCandidates=20 bestSimilarity=0.6799"
time=2026-08-26T23:58:53.026+08:00 level=INFO msg="TagMatch: label=\"亚历山德里夫卡\" category=keyword result=no_match reason=below_low_similarity bestSimilarity=0.6799"
time=2026-08-26T23:58:53.026+08:00 level=INFO msg="findOrCreateTag: label=\"亚历山德里夫卡\" category=keyword matchType=no_match"
time=2026-08-26T23:58:53.027+08:00 level=INFO msg="findOrCreateTag: label=\"亚历山德里夫卡\" category=keyword fallback=create_new"
time=2026-08-26T23:58:54.120+08:00 level=WARN msg="[SLOW SQL] 7133.759ms > 200ms | rows=13096 | SELECT id, merge_embedding FROM \"semantic_labels\" WHERE label_type = 'auxiliary' AND status = 'active' AND merge_embedding IS NOT NULL"
time=2026-08-26T23:58:55.397+08:00 level=WARN msg="auxiliary label dedup gate slow: label=\"北京会晤\" took=9.0468603s (>50ms), review L1/L2 (embedder/merge) performance"
time=2026-08-26T23:58:55.579+08:00 level=WARN msg="[SLOW SQL] 205.096ms > 200ms | rows=14497 | SELECT id, label, slug, label_type, aliases, ref_count, description, status, protected, source, display_order, created_at, updated_at FROM \"semantic_labels\" WHERE label_type = 'auxiliary' AND status = 'active'"
time=2026-08-26T23:58:55.966+08:00 level=INFO msg="findOrCreateTag: start label=\"划界专家小组\" slug=\"划界专家小组\" category=keyword source=llm"
time=2026-08-26T23:58:55.966+08:00 level=INFO msg="TagMatch: start label=\"划界专家小组\" slug=\"划界专家小组\" category=keyword threshold=0.92"
time=2026-08-26T23:58:58.243+08:00 level=WARN msg="[SLOW SQL] 1790.401ms > 200ms | rows=20 | \n\t\tSELECT t.id AS tag_id, e.embedding <=> '[-0.000453,-0.012739,0.006608,-0.001060,-0.002856,0.043775,0.056009,-0.001599,0.055806,-0.013260,0.010917,-0.008683,0.014330,-0.026475,0.087343,-0.023470,-0.001202,-0.000531,0.025478,-0.001130,-0.017044,0.025625,0.050624,0.056729,-0.035887,-0.045774,-0.024415,0.000115,0.000532,0.028445,0.005799,-0.038717,0.054773,0.032629,0.006656,-0.011233,0.010803,-0.002016,-0.026589,0.027003,0.020646,-0.057351,0.020490,0.022618,-0.015709,0.020174,0.016819,0.000798,-0.006517,-0.024806,0.006775,-0.001130,-0.021576,-0.010137,0.037353,-0.056011,0.123429,-0.013527,0.000552,0.028590,-0.001021,0.001133,-0.044834,-0.017757,-0.002035,-0.014405,-0.044998,-0.009563,0.011766,0.015361,-0.022462,-0.043416,-0.017531,0.016051,0.014580,-0.024999,-0.009509,0.034119,-0.018156,0.010705,-0.032994,0.026461,0.035107,0.011773,0.026359,-0.009096,0.024272,-0.001680,-0.063785,0.003181,0.004509,-0.000662,-0.001417,0.002423,-0.002806,-0.000512,0.015254,-0.015131,-0.009503,0.005136,-0.006610,-0.038873,0.017201,-0.009501,0.014656,-0.019931,-0.013302,0.002146,-0.004133,0.000947,-0.010935,0.015724,-0.030897,0.005207,0.007127,-0.008378,0.001018,0.044048,0.009439,0.020440,-0.000262,-0.001794,-0.009480,0.013610,-0.012468,-0.045699,-0.011932,-0.013129,0.015683,0.040707,0.069931,-0.028822,-0.020031,0.003676,0.022455,0.016841,-0.007227,-0.002333,0.020153,0.006503,-0.000399,0.020355,0.001353,0.003516,-0.012552,-0.058926,-0.013649,-0.015921,0.014573,-0.004703,0.014516,0.000684,0.016682,0.015252,-0.006928,0.005663,-0.035297,-0.010318,0.030594,0.007418,-0.030334,0.016579,0.008013,0.051228,0.010573,0.010003,0.028014,0.011263,0.021698,0.000232,-0.002302,-0.022846,0.005126,-0.010584,-0.036004,-0.013772,-0.001461,-0.013516,-0.004402,0.018959,0.013390,-0.012817,0.020417,0.002241,0.018672,0.002446,-0.004942,0.002621,0.009793,-0.013245,-0.052657,-0.017982,-0.016209,-0.001905,-0.023080,-0.025625,-0.012498,-0.029063,-0.009594,0.050059,-0.010532,0.017387,0.028610,-0.015024,-0.020755,-0.004... [truncated]"
time=2026-08-26T23:58:58.244+08:00 level=INFO msg="TagMatch: label=\"划界专家小组\" category=keyword similarity search returned totalCandidates=20 bestSimilarity=0.7316"
time=2026-08-26T23:58:58.244+08:00 level=INFO msg="TagMatch: label=\"划界专家小组\" category=keyword result=no_match reason=below_low_similarity bestSimilarity=0.7316"
time=2026-08-26T23:58:58.244+08:00 level=INFO msg="findOrCreateTag: label=\"划界专家小组\" category=keyword matchType=no_match"
time=2026-08-26T23:58:58.246+08:00 level=INFO msg="findOrCreateTag: label=\"划界专家小组\" category=keyword fallback=create_new"
time=2026-08-26T23:59:03.494+08:00 level=WARN msg="[SLOW SQL] 7396.922ms > 200ms | rows=13097 | SELECT id, merge_embedding FROM \"semantic_labels\" WHERE label_type = 'auxiliary' AND status = 'active' AND merge_embedding IS NOT NULL"
time=2026-08-26T23:59:04.688+08:00 level=WARN msg="auxiliary label dedup gate slow: label=\"黑海\" took=9.0093794s (>50ms), review L1/L2 (embedder/merge) performance"
time=2026-08-26T23:59:04.688+08:00 level=WARN msg="auxiliary label dedup gate slow: label=\"亚历山德里夫卡\" took=9.1092878s (>50ms), review L1/L2 (embedder/merge) performance"
time=2026-08-26T23:59:04.850+08:00 level=WARN msg="auxiliary label dedup gate slow: label=\"划界专家小组\" took=191.0214ms (>50ms), review L1/L2 (embedder/merge) performance"
time=2026-08-26T23:59:05.097+08:00 level=INFO msg="findOrCreateTag: start label=\"扎波罗热\" slug=\"扎波罗热\" category=keyword source=llm"
time=2026-08-26T23:59:05.097+08:00 level=INFO msg="TagMatch: start label=\"扎波罗热\" slug=\"扎波罗热\" category=keyword threshold=0.92"
time=2026-08-26T23:59:05.299+08:00 level=WARN msg="[SLOW SQL] 220.983ms > 200ms | rows=14502 | SELECT id, label, slug, label_type, aliases, ref_count, description, status, protected, source, display_order, created_at, updated_at FROM \"semantic_labels\" WHERE label_type = 'auxiliary' AND status = 'active'"
time=2026-08-26T23:59:05.333+08:00 level=INFO msg="findOrCreateTag: start label=\"MSC（地中海航运）\" slug=\"msc-地中海航运\" category=keyword source=llm"
time=2026-08-26T23:59:05.333+08:00 level=INFO msg="TagMatch: start label=\"MSC（地中海航运）\" slug=\"msc-地中海航运\" category=keyword threshold=0.92"
time=2026-08-26T23:59:05.497+08:00 level=INFO msg="findOrCreateTag: start label=\"成立划界专家小组和边境管控工作小组\" slug=\"成立划界专家小组和边境管控工作小组\" category=event source=llm"
time=2026-08-26T23:59:05.497+08:00 level=INFO msg="TagMatch: start label=\"成立划界专家小组和边境管控工作小组\" slug=\"成立划界专家小组和边境管控工作小组\" category=event threshold=0.92"
time=2026-08-26T23:59:06.969+08:00 level=WARN msg="[SLOW SQL] 1433.401ms > 200ms | rows=20 | \n\t\tSELECT t.id AS tag_id, e.embedding <=> '[-0.000142,0.018660,-0.060062,-0.041621,-0.001668,0.029343,0.052994,-0.000207,0.052056,0.009444,0.003491,-0.021935,0.016751,-0.003608,0.014074,-0.016304,-0.051349,-0.050971,0.036367,0.002864,-0.016671,0.022383,0.002397,0.043501,-0.039409,0.013172,-0.030564,-0.024218,0.009438,0.029722,-0.047441,-0.026884,0.037344,0.041306,0.007756,-0.015678,-0.007756,-0.002733,-0.037109,-0.046143,0.023304,-0.025236,0.015464,0.015886,0.017887,0.018234,0.006188,-0.001738,-0.000368,-0.011922,0.003249,-0.003039,-0.005888,-0.009014,0.035754,-0.016831,0.075779,-0.004632,-0.021435,-0.024920,-0.000478,0.036260,-0.031295,-0.031374,-0.001611,-0.011173,-0.001004,0.017032,0.019428,0.023286,-0.000727,0.000290,-0.039508,0.017666,0.010557,-0.021091,-0.010233,0.028844,0.003273,-0.010693,0.021631,-0.003660,0.011961,0.015066,-0.004037,0.029093,0.009304,-0.006576,0.008923,0.014117,-0.010295,-0.027639,0.018795,-0.022360,0.008612,-0.002387,-0.001423,-0.011598,-0.015890,-0.001625,-0.007128,-0.025847,-0.017378,-0.020056,0.029003,-0.029991,-0.008999,-0.006264,0.005182,0.020232,-0.001218,0.010310,-0.025658,-0.001845,-0.008338,-0.043093,0.001773,0.055552,0.007022,0.033619,0.008891,0.010063,0.001202,0.020608,-0.019799,-0.021541,-0.004312,0.010903,0.001860,0.002832,0.012837,-0.012761,-0.015156,-0.017277,0.016202,0.022436,-0.014981,-0.009597,0.000686,0.010219,-0.002929,0.019355,-0.005195,0.009571,-0.004401,0.002715,-0.002474,0.010230,0.025923,0.005499,0.000757,0.011193,0.017164,0.020611,-0.009719,0.016309,-0.021734,0.022575,0.021962,-0.002755,-0.024038,0.023871,0.010597,0.050319,0.013748,-0.008042,0.027684,-0.010234,0.005118,-0.024102,-0.005620,-0.030159,-0.012833,-0.031273,-0.001701,-0.007077,-0.001272,-0.025117,-0.002473,0.008122,0.005131,-0.012485,-0.018835,-0.000289,-0.004059,0.027299,0.003842,0.006694,0.000888,-0.016913,-0.036706,0.004244,0.009455,-0.020461,-0.017304,-0.032431,0.001815,-0.020698,0.004244,0.016107,-0.010916,0.018869,0.028455,0.008216,-0.001347,-0.01... [truncated]"
time=2026-08-26T23:59:06.970+08:00 level=INFO msg="TagMatch: label=\"扎波罗热\" category=keyword similarity search returned totalCandidates=20 bestSimilarity=0.7085"
time=2026-08-26T23:59:06.970+08:00 level=INFO msg="TagMatch: label=\"扎波罗热\" category=keyword result=no_match reason=below_low_similarity bestSimilarity=0.7085"
time=2026-08-26T23:59:06.970+08:00 level=INFO msg="findOrCreateTag: label=\"扎波罗热\" category=keyword matchType=no_match"
time=2026-08-26T23:59:06.970+08:00 level=INFO msg="findOrCreateTag: label=\"扎波罗热\" category=keyword fallback=create_new"
time=2026-08-26T23:59:07.217+08:00 level=WARN msg="[SLOW SQL] 239.497ms > 200ms | rows=14504 | SELECT id, label, slug, label_type, aliases, ref_count, description, status, protected, source, display_order, created_at, updated_at FROM \"semantic_labels\" WHERE label_type = 'auxiliary' AND status = 'active'"
time=2026-08-26T23:59:07.231+08:00 level=WARN msg="[SLOW SQL] 1310.838ms > 200ms | rows=20 | \n\t\tSELECT t.id AS tag_id, e.embedding <=> '[-0.000096,0.011423,0.001747,0.006003,-0.000957,0.095570,0.042035,-0.042796,0.040927,0.056554,0.021287,0.036424,0.009995,-0.049073,0.001554,-0.007117,-0.013650,-0.073601,0.025526,0.000988,-0.015179,0.022867,0.016905,0.044241,-0.046566,-0.027898,-0.030074,-0.013419,-0.040078,0.030378,0.013378,-0.039288,0.058563,0.025243,0.003525,-0.009084,-0.015094,-0.003999,-0.005843,0.018822,0.039212,-0.031135,0.023178,0.018453,-0.008018,-0.000677,0.001405,0.021662,-0.003623,-0.018529,0.007923,0.001333,0.019225,-0.021015,0.019524,-0.039244,0.079010,-0.009236,-0.005799,-0.003876,-0.000319,0.013181,-0.036312,-0.026609,-0.005996,-0.020083,-0.016372,-0.021446,0.018938,0.010811,-0.018123,-0.036877,-0.025592,0.014275,0.018293,-0.022714,-0.000394,0.015624,-0.048136,0.013787,-0.040458,0.018141,0.012575,0.022475,0.023603,-0.009676,0.001977,-0.008041,-0.041309,0.005368,0.002451,-0.032718,-0.001575,0.030150,0.004829,-0.006079,-0.024335,-0.006580,0.008065,0.005887,-0.013644,-0.011576,0.023528,-0.007120,0.041707,-0.037500,0.003951,-0.013489,-0.001307,0.013232,-0.012720,-0.003417,-0.020739,0.012168,0.020469,0.001117,-0.013981,0.020102,0.003828,-0.007186,-0.003172,0.006427,-0.003576,0.025879,0.015071,-0.026769,-0.011124,-0.003551,-0.012725,0.003450,0.043404,-0.017304,0.002344,-0.013312,-0.026051,-0.000123,0.018491,0.014605,0.018654,0.041303,0.004621,0.012375,0.005958,0.016298,-0.006306,-0.049001,0.004932,0.007655,0.011604,0.002191,0.021997,0.008694,-0.002641,-0.008396,0.012170,0.023576,-0.008688,0.014942,0.017075,0.008763,-0.023816,-0.002540,-0.005884,0.004121,0.001115,0.012135,-0.016402,0.014025,-0.014597,-0.024293,0.034095,-0.030777,-0.007914,-0.001483,-0.025806,-0.019928,-0.016676,-0.009860,-0.004136,0.030285,-0.012422,0.015945,0.029669,-0.001783,0.006549,-0.000246,-0.006910,0.017550,0.015124,-0.004986,-0.040681,0.015066,0.008190,-0.001804,-0.009072,-0.026053,-0.011079,-0.006954,0.015803,0.029758,-0.013232,0.007254,0.020854,-0.004096,0.010239,0.015271... [truncated]"
time=2026-08-26T23:59:07.238+08:00 level=INFO msg="TagMatch: label=\"MSC（地中海航运）\" category=keyword similarity search returned totalCandidates=20 bestSimilarity=0.6893"
time=2026-08-26T23:59:07.238+08:00 level=INFO msg="TagMatch: label=\"MSC（地中海航运）\" category=keyword result=no_match reason=below_low_similarity bestSimilarity=0.6893"
time=2026-08-26T23:59:07.238+08:00 level=INFO msg="findOrCreateTag: label=\"MSC（地中海航运）\" category=keyword matchType=no_match"
time=2026-08-26T23:59:07.239+08:00 level=WARN msg="[SLOW SQL] 1315.332ms > 200ms | rows=20 | \n\t\tSELECT t.id AS tag_id, e.embedding <=> '[-0.000543,-0.032820,-0.021756,-0.009521,-0.003358,0.044645,0.029172,0.041740,0.055020,-0.030349,0.008329,-0.026862,0.016333,0.007418,0.103883,-0.013133,0.003310,0.007503,0.061763,0.000447,-0.013519,0.041764,0.077942,0.031426,-0.057908,-0.044758,-0.024761,-0.031456,-0.006498,0.025650,-0.011902,-0.033977,0.008406,0.021553,0.003031,-0.011912,0.023375,0.001229,-0.033984,0.062405,0.019740,-0.046857,0.009815,0.017151,0.004634,0.009463,0.020598,-0.000028,-0.004954,-0.023656,0.010747,-0.006874,0.002546,-0.005662,0.032425,-0.055546,0.138969,-0.009270,0.018050,0.012043,-0.003362,-0.023023,-0.023842,-0.011303,0.005181,-0.014617,-0.034800,0.024184,0.015500,0.007236,0.004404,-0.045172,-0.021742,0.033752,0.017407,-0.021522,-0.005065,0.041197,-0.002698,-0.002692,-0.041132,0.034136,0.028390,-0.006535,0.027765,0.000220,0.022019,0.002314,-0.062565,0.009837,0.004192,-0.020820,-0.006884,-0.006632,-0.004597,-0.001224,0.022980,-0.008302,-0.016316,0.002320,-0.008472,-0.029943,0.000053,-0.016651,0.008607,-0.026955,-0.020827,0.010426,0.008166,0.002073,-0.006588,0.007046,-0.023603,-0.000071,0.012971,-0.003536,-0.006345,0.023581,0.007702,0.010660,0.008203,0.007526,-0.007667,0.004331,-0.004421,-0.033546,0.000401,-0.004519,0.018900,0.029449,0.095728,-0.030943,-0.021586,0.012298,0.004239,0.015174,0.012933,-0.004602,0.013206,-0.002181,-0.002777,0.031025,0.003113,0.006407,-0.006113,-0.061034,-0.007129,-0.030693,0.015505,0.009536,0.017642,-0.002171,0.012505,0.019967,-0.004652,-0.000138,-0.034596,-0.028435,0.026599,0.011527,-0.024640,0.015712,0.024403,0.052108,0.016789,-0.002972,0.024470,0.010576,0.019374,-0.018149,-0.005179,-0.025257,0.012967,-0.005541,-0.015459,-0.013281,-0.002076,-0.015977,0.001005,-0.006145,0.022727,-0.042154,0.026105,0.004275,0.012761,0.008494,-0.001023,0.008747,0.016068,-0.003225,-0.077335,-0.017351,-0.018499,0.004060,-0.027098,-0.018483,-0.005851,-0.025667,-0.030455,0.042857,-0.012801,0.011685,0.015713,-0.011945,-0.024768,-0.005754,... [truncated]"
time=2026-08-26T23:59:07.240+08:00 level=INFO msg="findOrCreateTag: label=\"MSC（地中海航运）\" category=keyword fallback=create_new"
time=2026-08-26T23:59:07.242+08:00 level=INFO msg="TagMatch: label=\"成立划界专家小组和边境管控工作小组\" category=event similarity search returned totalCandidates=20 bestSimilarity=0.7615"
time=2026-08-26T23:59:07.243+08:00 level=INFO msg="TagMatch: label=\"成立划界专家小组和边境管控工作小组\" category=event result=no_match reason=below_low_similarity bestSimilarity=0.7615"
time=2026-08-26T23:59:07.243+08:00 level=INFO msg="findOrCreateTag: label=\"成立划界专家小组和边境管控工作小组\" category=event matchType=no_match"
time=2026-08-26T23:59:07.245+08:00 level=INFO msg="findOrCreateTag: label=\"成立划界专家小组和边境管控工作小组\" category=event fallback=create_new"
time=2026-08-26T23:59:09.172+08:00 level=INFO msg="Generated description + 4 keywords for event tag 130323 (成立划界专家小组和边境管控工作小组): [中印 划界专家小组 边境管控工作小组 北京会晤]"
time=2026-08-26T23:59:14.662+08:00 level=WARN msg="[SLOW SQL] 7272.192ms > 200ms | rows=13101 | SELECT id, merge_embedding FROM \"semantic_labels\" WHERE label_type = 'auxiliary' AND status = 'active' AND merge_embedding IS NOT NULL"
time=2026-08-26T23:59:15.935+08:00 level=WARN msg="auxiliary label dedup gate slow: label=\"扎波罗热\" took=8.7180891s (>50ms), review L1/L2 (embedder/merge) performance"
time=2026-08-26T23:59:15.935+08:00 level=WARN msg="auxiliary label dedup gate slow: label=\"WMCC 框架\" took=8.6733668s (>50ms), review L1/L2 (embedder/merge) performance"
time=2026-08-26T23:59:15.935+08:00 level=WARN msg="auxiliary label dedup gate slow: label=\"MSC（地中海航运）\" took=8.6874286s (>50ms), review L1/L2 (embedder/merge) performance"
time=2026-08-26T23:59:16.300+08:00 level=INFO msg="findOrCreateTag: start label=\"无人机袭击\" slug=\"无人机袭击\" category=keyword source=llm"
time=2026-08-26T23:59:16.301+08:00 level=INFO msg="findOrCreateTag: label=\"无人机袭击\" slug=\"无人机袭击\" category=keyword cache=hit existingID=130291"
time=2026-08-26T23:59:16.511+08:00 level=WARN msg="[SLOW SQL] 206.451ms > 200ms | rows=14505 | SELECT id, label, slug, label_type, aliases, ref_count, description, status, protected, source, display_order, created_at, updated_at FROM \"semantic_labels\" WHERE label_type = 'auxiliary' AND status = 'active'"
time=2026-08-26T23:59:16.519+08:00 level=INFO msg="findOrCreateTag: start label=\"黑海服务\" slug=\"黑海服务\" category=keyword source=llm"
time=2026-08-26T23:59:16.519+08:00 level=INFO msg="TagMatch: start label=\"黑海服务\" slug=\"黑海服务\" category=keyword threshold=0.92"
time=2026-08-26T23:59:16.552+08:00 level=INFO msg="findOrCreateTag: start label=\"泽连斯基\" slug=\"泽连斯基\" category=keyword source=llm"
time=2026-08-26T23:59:16.552+08:00 level=INFO msg="TagMatch: start label=\"泽连斯基\" slug=\"泽连斯基\" category=keyword threshold=0.92"
time=2026-08-26T23:59:16.553+08:00 level=INFO msg="TagMatch: label=\"泽连斯基\" category=keyword result=exact reason=slug existingID=128713 existingLabel=\"泽连斯基\""
time=2026-08-26T23:59:16.554+08:00 level=INFO msg="findOrCreateTag: label=\"泽连斯基\" category=keyword matchType=exact existingID=128713 existingLabel=\"泽连斯基\""
time=2026-08-26T23:59:16.567+08:00 level=INFO msg="findOrCreateTag: start label=\"第 25 次特代会晤\" slug=\"第 25 次特代会晤\" category=keyword source=llm"
time=2026-08-26T23:59:16.568+08:00 level=INFO msg="TagMatch: start label=\"第 25 次特代会晤\" slug=\"第 25 次特代会晤\" category=keyword threshold=0.92"
time=2026-08-26T23:59:16.626+08:00 level=INFO msg="findOrCreateTag: start label=\"泽连斯基视察乌军前线部队\" slug=\"泽连斯基视察乌军前线部队\" category=event source=llm"
time=2026-08-26T23:59:16.626+08:00 level=INFO msg="TagMatch: start label=\"泽连斯基视察乌军前线部队\" slug=\"泽连斯基视察乌军前线部队\" category=event threshold=0.92"
time=2026-08-26T23:59:18.576+08:00 level=WARN msg="[SLOW SQL] 1311.770ms > 200ms | rows=20 | \n\t\tSELECT t.id AS tag_id, e.embedding <=> '[-0.000122,-0.004675,-0.028568,-0.036571,-0.001994,0.058482,0.046006,-0.019246,0.059391,-0.012203,0.019577,-0.002509,0.017909,-0.002034,0.050494,-0.012073,-0.043630,-0.056227,0.044334,-0.000585,-0.020848,0.010296,0.051732,0.030196,-0.032734,-0.026178,-0.024112,0.020515,0.001531,-0.014608,0.004586,-0.050515,0.018915,0.008411,0.006095,-0.015693,0.011384,-0.000988,-0.040640,0.008775,0.040663,-0.039054,0.034446,0.009943,-0.002227,0.014162,0.012542,0.001174,-0.012805,-0.024106,0.003772,-0.001883,-0.005124,-0.015458,0.041874,-0.038726,0.106124,-0.011388,-0.022164,0.012020,-0.005012,0.003117,-0.029013,-0.030697,-0.001701,-0.019555,-0.036710,-0.005127,0.020670,0.012768,-0.008949,-0.027240,-0.019312,0.023619,0.027555,-0.034942,-0.007565,0.029005,-0.042240,0.006192,-0.022096,0.008347,0.013144,0.028964,0.027630,-0.019136,-0.003796,-0.002186,-0.041875,0.020741,-0.004557,-0.005165,-0.004757,0.016452,0.007118,-0.010312,-0.003337,-0.011168,0.018150,0.001819,-0.013303,-0.013384,0.024038,-0.014490,0.011465,-0.033126,-0.009439,-0.001035,-0.007914,-0.014360,-0.011307,-0.009217,-0.018665,0.002903,-0.004137,-0.009968,0.011925,0.017387,0.014656,0.034854,0.002695,0.007764,-0.014635,0.015550,0.012619,-0.024931,-0.011747,-0.009428,-0.024842,0.014998,0.056344,-0.034385,-0.032950,0.000234,-0.004813,-0.013336,0.004125,0.005041,0.012364,0.019037,-0.002983,0.018009,0.003742,-0.013514,-0.023406,-0.049067,-0.018490,0.042429,0.006429,0.004498,-0.000414,-0.000048,0.019895,0.025187,0.003307,0.029390,-0.031357,-0.004674,0.015255,0.007337,-0.016605,0.005603,-0.001376,0.029820,-0.004969,0.010588,0.013859,-0.015260,-0.007196,-0.022679,0.016045,-0.029438,0.005998,-0.014286,-0.023675,0.011379,-0.009523,-0.033864,-0.001573,0.002828,0.002746,-0.009099,-0.009460,-0.007399,0.002487,0.006932,-0.009793,0.020390,0.001454,0.002838,-0.039449,0.009747,-0.009000,0.000448,-0.021872,-0.008803,-0.023191,-0.010057,0.011431,0.023496,-0.005528,0.006125,0.038590,-0.004277,0.001239,... [truncated]"
time=2026-08-26T23:59:18.577+08:00 level=INFO msg="TagMatch: label=\"黑海服务\" category=keyword similarity search returned totalCandidates=20 bestSimilarity=0.7286"
time=2026-08-26T23:59:18.577+08:00 level=INFO msg="TagMatch: label=\"黑海服务\" category=keyword result=no_match reason=below_low_similarity bestSimilarity=0.7286"
time=2026-08-26T23:59:18.577+08:00 level=INFO msg="findOrCreateTag: label=\"黑海服务\" category=keyword matchType=no_match"
time=2026-08-26T23:59:18.578+08:00 level=INFO msg="findOrCreateTag: label=\"黑海服务\" category=keyword fallback=create_new"
time=2026-08-26T23:59:18.581+08:00 level=WARN msg="[SLOW SQL] 1326.539ms > 200ms | rows=20 | \n\t\tSELECT t.id AS tag_id, e.embedding <=> '[-0.000258,0.002146,-0.026998,-0.008093,-0.002014,0.037590,0.013434,0.030133,0.049168,0.009193,0.023547,-0.010956,0.014339,0.009378,0.082762,0.007284,-0.050958,0.001454,-0.008824,0.002133,-0.012279,0.033736,0.066395,0.012747,-0.001554,-0.012603,-0.022845,-0.036443,0.022166,0.053547,-0.032431,-0.016798,0.038663,0.024043,0.006327,-0.026851,0.022009,0.001961,-0.018243,0.049116,0.021238,-0.059793,0.033873,0.008187,0.013956,0.008752,0.013873,-0.010350,0.000257,-0.025986,0.007552,-0.003556,-0.021487,-0.000128,0.001519,-0.022747,0.130588,-0.004012,0.000568,-0.021323,-0.008595,0.009640,-0.012641,-0.022254,0.000591,-0.019027,-0.043820,0.022032,0.016622,-0.013403,0.008442,-0.063512,0.017293,0.030034,0.003737,-0.017728,-0.003850,0.033233,-0.000939,0.007709,-0.021455,0.009025,0.020722,0.007303,0.047324,0.004755,-0.001150,0.005411,-0.041131,0.012427,-0.004989,-0.010956,-0.011388,-0.048969,0.006613,0.003452,-0.000159,-0.012508,0.005343,-0.000786,0.005902,-0.039476,-0.007327,-0.026073,0.015540,-0.020079,-0.020233,-0.004209,0.005657,0.014679,-0.004741,0.005163,0.000514,-0.012793,-0.007687,-0.026245,0.003705,0.046264,-0.007053,0.016116,0.005077,0.015996,0.007628,0.006710,0.001152,-0.016954,-0.004806,-0.015315,-0.018846,0.044844,0.042086,-0.017328,0.008693,-0.013271,-0.003974,-0.013342,-0.013161,-0.009847,-0.003642,0.004272,-0.002438,0.035490,0.006126,0.015225,-0.021833,-0.011854,-0.008955,-0.024592,0.011552,-0.001091,0.006951,-0.037347,0.009108,0.004510,-0.026363,0.011542,-0.030698,-0.014795,-0.001264,0.000196,-0.032319,0.001932,0.011716,0.040904,0.005369,0.012254,0.034539,-0.012099,0.010572,-0.014374,-0.018337,-0.019847,0.013193,-0.023715,-0.028976,-0.004998,-0.000587,-0.029248,0.007848,-0.026140,-0.000832,-0.053578,-0.005213,0.007756,0.012015,-0.012782,-0.002116,0.008329,0.026415,0.010552,-0.067563,0.035679,-0.007911,-0.006304,-0.001362,-0.027160,-0.017394,-0.015344,-0.016953,0.028071,0.002363,-0.017396,0.061218,0.005993,0.001915,0.007742... [truncated]"
time=2026-08-26T23:59:18.582+08:00 level=INFO msg="TagMatch: label=\"泽连斯基视察乌军前线部队\" category=event similarity search returned totalCandidates=20 bestSimilarity=0.7713"
time=2026-08-26T23:59:18.582+08:00 level=INFO msg="TagMatch: label=\"泽连斯基视察乌军前线部队\" category=event result=no_match reason=below_low_similarity bestSimilarity=0.7713"
time=2026-08-26T23:59:18.582+08:00 level=INFO msg="findOrCreateTag: label=\"泽连斯基视察乌军前线部队\" category=event matchType=no_match"
time=2026-08-26T23:59:18.583+08:00 level=INFO msg="findOrCreateTag: label=\"泽连斯基视察乌军前线部队\" category=event fallback=create_new"
time=2026-08-26T23:59:18.600+08:00 level=WARN msg="[SLOW SQL] 1351.290ms > 200ms | rows=20 | \n\t\tSELECT t.id AS tag_id, e.embedding <=> '[-0.000449,0.009449,-0.003459,0.006355,-0.002797,0.062248,0.053553,0.033678,0.052921,0.029745,0.034579,-0.014765,0.015269,-0.024927,0.073349,-0.031950,-0.019428,-0.009184,0.104439,0.004140,-0.009954,0.034575,0.024357,0.018762,-0.067964,-0.000624,-0.027741,0.053833,0.001601,0.057914,0.003111,-0.010981,0.046515,0.018199,0.005499,-0.030475,0.009985,0.004039,-0.022885,0.031242,-0.009201,-0.039611,0.008917,0.000228,0.036005,0.037831,0.011985,-0.044595,-0.002720,-0.018631,0.000476,0.000203,-0.033410,-0.011413,-0.030031,-0.039347,0.113357,-0.007537,-0.013505,0.031225,-0.001115,0.019938,-0.023770,-0.007644,0.001529,-0.021605,-0.008773,0.008096,0.032489,-0.018905,-0.003436,-0.042733,-0.016975,0.003294,0.033372,-0.027801,-0.014895,0.036227,-0.042872,0.004689,-0.055870,0.000764,0.008642,0.031695,0.033447,0.009981,-0.013636,-0.004430,-0.076196,0.004478,0.001944,-0.015783,0.010996,-0.010922,0.004930,-0.011244,-0.016383,-0.012158,0.012610,0.000145,-0.002339,-0.031713,0.014067,-0.019626,0.041903,-0.027168,0.012076,-0.003426,-0.011645,0.005800,-0.016301,-0.022274,-0.026567,-0.002537,0.003269,-0.022465,0.038121,0.080165,-0.022898,-0.074176,0.006419,0.022495,-0.014372,0.026948,0.010983,-0.011136,-0.007907,0.002036,0.025883,0.007043,0.069169,-0.016188,0.002582,0.016428,-0.026548,-0.021352,-0.005667,-0.014937,-0.005263,-0.000729,0.001656,0.024134,-0.015670,0.014123,-0.040432,-0.013417,-0.003248,0.020965,0.012304,0.007682,0.006491,-0.000153,0.019409,-0.004970,-0.027207,0.031900,-0.011695,-0.023357,0.007830,0.020244,-0.016623,-0.005316,0.004252,0.018496,0.003989,0.010478,0.031707,-0.000225,-0.014158,-0.000363,0.004005,-0.018482,0.022302,-0.023198,-0.034645,-0.022428,0.014013,-0.019343,0.003871,-0.000778,-0.021736,-0.010803,0.032536,0.003954,0.020849,0.003883,-0.001346,0.008407,0.002086,-0.005402,-0.071211,0.023656,-0.005500,-0.007845,-0.009380,-0.003379,-0.021064,-0.030073,0.010530,0.024801,0.013708,0.023854,-0.005766,0.016799,0.022327,-0.024563... [truncated]"
time=2026-08-26T23:59:18.603+08:00 level=INFO msg="TagMatch: label=\"第 25 次特代会晤\" category=keyword similarity search returned totalCandidates=20 bestSimilarity=0.7253"
time=2026-08-26T23:59:18.603+08:00 level=INFO msg="TagMatch: label=\"第 25 次特代会晤\" category=keyword result=no_match reason=below_low_similarity bestSimilarity=0.7253"
time=2026-08-26T23:59:18.604+08:00 level=INFO msg="findOrCreateTag: label=\"第 25 次特代会晤\" category=keyword matchType=no_match"
time=2026-08-26T23:59:18.605+08:00 level=INFO msg="findOrCreateTag: label=\"第 25 次特代会晤\" category=keyword fallback=create_new"
time=2026-08-26T23:59:18.619+08:00 level=INFO msg="Successfully tagged article 118881"
time=2026-08-26T23:59:18.636+08:00 level=INFO msg="Successfully tagged article 118879"
time=2026-08-26T23:59:21.399+08:00 level=INFO msg="Generated description + 5 keywords for event tag 130325 (泽连斯基视察乌军前线部队): [泽连斯基 乌军前线 视察 亚历山德里夫卡 征兵]"
time=2026-08-26T23:59:22.532+08:00 level=INFO msg="findOrCreateTag: start label=\"现货白银\" slug=\"现货白银\" category=keyword source=llm"
time=2026-08-26T23:59:22.535+08:00 level=INFO msg="TagMatch: start label=\"现货白银\" slug=\"现货白银\" category=keyword threshold=0.92"
time=2026-08-26T23:59:22.537+08:00 level=INFO msg="TagMatch: label=\"现货白银\" category=keyword result=exact reason=slug existingID=114318 existingLabel=\"现货白银\""
time=2026-08-26T23:59:22.537+08:00 level=INFO msg="findOrCreateTag: label=\"现货白银\" category=keyword matchType=exact existingID=114318 existingLabel=\"现货白银\""
time=2026-08-26T23:59:24.571+08:00 level=INFO msg="findOrCreateTag: start label=\"LPG\" slug=\"lpg\" category=keyword source=llm"
time=2026-08-26T23:59:24.574+08:00 level=INFO msg="TagMatch: start label=\"LPG\" slug=\"lpg\" category=keyword threshold=0.92"
time=2026-08-26T23:59:26.739+08:00 level=WARN msg="[SLOW SQL] 1873.746ms > 200ms | rows=20 | \n\t\tSELECT t.id AS tag_id, e.embedding <=> '[-0.000008,0.006485,-0.046166,-0.034619,-0.000958,0.062279,0.074698,-0.003795,0.052343,-0.010589,-0.018068,0.003462,0.013771,-0.024673,0.079834,-0.009351,-0.006665,-0.039617,-0.019144,-0.001413,-0.021379,0.003622,-0.004035,0.017005,-0.083696,-0.013684,-0.024056,0.074629,-0.015511,0.002934,0.019390,-0.036064,0.041267,0.007584,0.001725,-0.026793,0.007304,-0.005548,-0.016195,0.011066,0.012560,-0.060786,0.046527,0.017671,0.034987,0.012155,0.007042,-0.000313,-0.015369,-0.028287,0.009295,-0.001022,0.002991,-0.018236,0.020828,0.002940,0.082785,-0.007150,-0.024693,0.016765,-0.015180,-0.006317,-0.021671,-0.013822,-0.003770,-0.015495,-0.006519,-0.019961,0.028778,0.026266,0.023713,-0.005435,-0.029100,0.003093,0.018314,-0.036652,-0.012483,0.022268,-0.003445,0.000177,-0.023215,-0.011167,0.019886,0.010696,0.036073,-0.005374,0.021455,-0.012838,-0.035650,0.004738,-0.012469,-0.005601,0.020602,-0.008747,-0.000701,0.003174,0.022141,-0.010990,0.018003,0.004704,-0.008327,-0.031152,0.025805,-0.025186,-0.003950,-0.029181,-0.011994,0.018417,0.005965,0.011496,-0.010253,0.024519,-0.008886,0.012507,-0.023781,-0.019855,0.016224,0.015380,-0.005197,0.040505,0.001110,0.019358,0.005748,0.022273,0.025134,-0.027270,-0.013290,-0.020724,-0.013022,0.027744,0.040363,-0.005585,-0.002761,-0.007690,0.004099,0.014248,0.002519,0.000309,0.018127,0.011412,-0.010439,0.032222,-0.000006,0.003437,-0.008268,-0.026291,0.002797,0.020186,0.022339,-0.020887,0.030781,0.020094,0.004985,0.044851,0.012408,-0.006038,-0.036619,0.013714,0.013064,0.015540,-0.023982,0.031133,-0.028996,0.023622,0.008342,0.014507,0.018716,0.011342,0.013742,-0.031772,0.018221,-0.028444,0.010834,-0.014431,-0.017375,0.008075,-0.024841,0.010868,-0.013680,0.034171,0.008045,0.013631,-0.004571,0.000728,0.020349,0.019757,0.010815,0.013587,0.014826,-0.012351,-0.028558,0.014035,-0.001601,-0.017607,-0.014829,-0.028432,-0.010723,-0.014094,0.006417,0.034326,-0.030956,-0.001564,-0.004185,-0.015410,0.027462,0.008833,0.... [truncated]"
time=2026-08-26T23:59:26.742+08:00 level=INFO msg="TagMatch: label=\"LPG\" category=keyword similarity search returned totalCandidates=20 bestSimilarity=0.7232"
time=2026-08-26T23:59:26.742+08:00 level=INFO msg="TagMatch: label=\"LPG\" category=keyword result=no_match reason=below_low_similarity bestSimilarity=0.7232"
time=2026-08-26T23:59:26.742+08:00 level=INFO msg="findOrCreateTag: label=\"LPG\" category=keyword matchType=no_match"
time=2026-08-26T23:59:26.742+08:00 level=INFO msg="findOrCreateTag: label=\"LPG\" category=keyword fallback=create_new"
time=2026-08-26T23:59:26.813+08:00 level=WARN msg="[SLOW SQL] 8055.975ms > 200ms | rows=13104 | SELECT id, merge_embedding FROM \"semantic_labels\" WHERE label_type = 'auxiliary' AND status = 'active' AND merge_embedding IS NOT NULL"
time=2026-08-26T23:59:28.122+08:00 level=INFO msg="findOrCreateTag: start label=\"夜盘\" slug=\"夜盘\" category=keyword source=llm"
time=2026-08-26T23:59:28.122+08:00 level=INFO msg="TagMatch: start label=\"夜盘\" slug=\"夜盘\" category=keyword threshold=0.92"
time=2026-08-26T23:59:28.130+08:00 level=INFO msg="findOrCreateTag: start label=\"纽约金\" slug=\"纽约金\" category=keyword source=llm"
time=2026-08-26T23:59:28.130+08:00 level=INFO msg="TagMatch: start label=\"纽约金\" slug=\"纽约金\" category=keyword threshold=0.92"
time=2026-08-26T23:59:28.133+08:00 level=WARN msg="auxiliary label dedup gate slow: label=\"黑海服务\" took=9.5465157s (>50ms), review L1/L2 (embedder/merge) performance"
time=2026-08-26T23:59:28.134+08:00 level=INFO msg="TagMatch: label=\"纽约金\" category=keyword result=exact reason=slug existingID=114326 existingLabel=\"纽约金\""
time=2026-08-26T23:59:28.135+08:00 level=INFO msg="findOrCreateTag: label=\"纽约金\" category=keyword matchType=exact existingID=114326 existingLabel=\"纽约金\""
time=2026-08-26T23:59:28.159+08:00 level=INFO msg="findOrCreateTag: start label=\"纽约金和现货白银日内价格下跌\" slug=\"纽约金和现货白银日内价格下跌\" category=event source=llm"
time=2026-08-26T23:59:28.159+08:00 level=INFO msg="TagMatch: start label=\"纽约金和现货白银日内价格下跌\" slug=\"纽约金和现货白银日内价格下跌\" category=event threshold=0.92"
time=2026-08-26T23:59:28.642+08:00 level=INFO msg="Successfully tagged article 118880"
time=2026-08-26T23:59:29.722+08:00 level=WARN msg="[SLOW SQL] 1404.868ms > 200ms | rows=20 | \n\t\tSELECT t.id AS tag_id, e.embedding <=> '[-0.000031,0.018396,-0.005160,-0.023517,-0.001069,0.054412,0.055791,-0.030079,0.053875,0.030318,0.017465,-0.004591,0.012939,-0.024699,0.009847,-0.037924,-0.027422,-0.019784,0.020069,-0.001724,-0.019791,0.016785,0.005120,-0.004544,-0.034251,-0.030030,-0.030097,0.031405,-0.013885,0.021803,-0.019559,-0.026659,0.000103,0.007796,0.006400,-0.033929,0.002680,-0.000887,-0.004588,0.035578,0.024573,-0.031363,0.033724,0.009430,-0.002257,0.013484,0.012415,-0.004897,-0.001650,-0.023203,0.006813,-0.000016,-0.010952,-0.013329,-0.003619,-0.004533,0.097402,-0.007548,-0.008756,0.069462,-0.007901,0.024627,-0.028003,-0.013706,-0.005200,-0.010515,0.002099,0.010125,0.020489,-0.009315,-0.006962,-0.015833,-0.015152,-0.012324,0.028702,-0.030316,-0.006534,0.019255,0.029688,0.006039,-0.016972,0.007051,0.034481,0.046425,0.016958,0.022828,-0.008272,-0.001102,-0.006940,0.033475,-0.007950,-0.014639,0.009149,-0.018954,0.003726,-0.001289,0.017931,-0.013547,0.003020,0.004833,-0.008305,-0.018234,0.024186,-0.018418,-0.010563,-0.029850,0.010507,0.013957,-0.007527,-0.007583,-0.007092,-0.018853,0.012835,0.000005,-0.009875,-0.013494,0.049465,0.044896,0.002799,0.010799,-0.002712,0.036598,-0.034001,0.027398,0.015677,-0.048381,-0.019447,0.011589,0.023152,0.013900,0.048177,-0.005530,-0.006619,-0.023805,-0.009444,-0.010898,-0.036433,0.015144,0.010672,0.026228,-0.002731,0.019104,0.012752,0.002062,-0.020485,-0.030578,0.001153,0.019031,0.009773,0.017294,0.021743,0.021332,0.026981,0.038391,-0.009921,0.007583,-0.036182,-0.009677,0.020520,0.022460,-0.022880,0.011888,-0.047746,0.031433,0.019493,0.026838,0.009228,-0.005717,-0.015556,-0.011225,0.034021,-0.037657,0.011904,-0.009302,-0.021060,-0.003388,-0.020879,-0.017616,0.010033,0.030071,-0.004906,0.002004,0.008807,-0.006673,0.010130,0.008632,0.002019,0.030452,0.019075,0.003329,-0.043022,0.066474,-0.000846,-0.014184,0.005636,-0.008436,0.004219,-0.004319,-0.008010,0.021016,0.024414,0.021795,0.012370,-0.001221,0.028257,-0.004215... [truncated]"
time=2026-08-26T23:59:29.724+08:00 level=INFO msg="TagMatch: label=\"夜盘\" category=keyword similarity search returned totalCandidates=20 bestSimilarity=0.7485"
time=2026-08-26T23:59:29.724+08:00 level=INFO msg="TagMatch: label=\"夜盘\" category=keyword result=no_match reason=below_low_similarity bestSimilarity=0.7485"
time=2026-08-26T23:59:29.726+08:00 level=INFO msg="findOrCreateTag: label=\"夜盘\" category=keyword matchType=no_match"
time=2026-08-26T23:59:29.728+08:00 level=INFO msg="findOrCreateTag: label=\"夜盘\" category=keyword fallback=create_new"
time=2026-08-26T23:59:29.984+08:00 level=WARN msg="[SLOW SQL] 250.582ms > 200ms | rows=14508 | SELECT id, label, slug, label_type, aliases, ref_count, description, status, protected, source, display_order, created_at, updated_at FROM \"semantic_labels\" WHERE label_type = 'auxiliary' AND status = 'active'"
time=2026-08-26T23:59:30.025+08:00 level=INFO msg="findOrCreateTag: start label=\"菜粕\" slug=\"菜粕\" category=keyword source=llm"
time=2026-08-26T23:59:30.026+08:00 level=INFO msg="TagMatch: start label=\"菜粕\" slug=\"菜粕\" category=keyword threshold=0.92"
time=2026-08-26T23:59:30.630+08:00 level=WARN msg="[SLOW SQL] 1789.582ms > 200ms | rows=20 | \n\t\tSELECT t.id AS tag_id, e.embedding <=> '[-0.000223,-0.016829,0.030131,-0.017795,-0.001700,0.050047,0.040248,0.020599,0.048340,0.059891,-0.016760,0.008864,0.011750,-0.022339,0.073362,-0.011597,0.002642,-0.019596,0.052613,-0.000433,-0.018916,0.083794,0.058295,-0.023205,-0.034821,-0.024466,-0.031509,0.017498,0.015532,0.019002,-0.018476,0.008971,0.057124,-0.026057,0.004089,-0.017993,0.028995,-0.005769,-0.047283,0.051323,0.026109,-0.040093,0.038498,-0.001412,0.009166,-0.003055,0.009227,0.020678,0.008511,-0.032114,0.016178,-0.009768,0.011539,-0.003504,-0.030904,-0.016811,0.115498,0.000187,0.003420,0.012687,-0.010827,-0.004622,-0.016625,-0.010063,-0.001905,-0.034275,0.010673,0.001934,0.017566,0.001102,0.004983,-0.013006,0.003404,-0.007310,0.033000,-0.023462,-0.010297,0.026204,0.006525,0.004735,-0.030251,0.004074,0.034958,0.002975,0.041658,0.005512,-0.005269,-0.000303,-0.001133,0.012937,-0.002676,0.033644,0.003986,-0.001913,0.004568,-0.002891,0.011046,-0.012534,-0.005835,-0.001241,-0.001204,-0.009552,-0.002359,-0.014009,-0.005215,-0.031894,-0.010014,0.005803,0.011798,0.006304,-0.024522,0.000801,0.019350,-0.002236,-0.015685,-0.017453,0.024852,0.013755,0.014615,0.001845,0.000936,0.034220,-0.046600,0.010186,-0.010068,-0.039011,-0.026755,0.005329,0.013368,0.008334,0.061058,-0.003474,-0.006806,-0.004403,-0.028054,0.002655,-0.009510,0.012401,-0.007724,0.003708,0.005230,0.029191,0.005519,0.024672,0.009338,-0.019768,0.001603,0.014007,0.017752,0.006547,0.004091,-0.000010,0.007636,0.022104,-0.008052,0.003203,-0.029827,0.027860,-0.008156,-0.003629,-0.004761,0.002546,-0.004197,0.038532,0.010385,0.009590,0.021678,-0.019738,-0.018305,-0.010701,0.003034,-0.025090,0.006973,-0.003953,-0.011547,-0.004309,-0.016706,-0.048836,0.016956,-0.003749,-0.010396,-0.021438,0.017570,0.006122,0.006344,0.011892,-0.005236,0.000832,0.001033,0.006166,-0.059191,0.044870,-0.008783,0.005457,0.001305,-0.013184,-0.000284,0.018501,0.006519,0.011067,0.001420,0.000678,0.017464,-0.011823,0.002304,0.007414,-0.00099... [truncated]"
time=2026-08-26T23:59:30.631+08:00 level=INFO msg="TagMatch: label=\"纽约金和现货白银日内价格下跌\" category=event similarity search returned totalCandidates=20 bestSimilarity=0.8585"
time=2026-08-26T23:59:30.631+08:00 level=INFO msg="TagMatch: label=\"纽约金和现货白银日内价格下跌\" category=event result=no_match reason=below_low_similarity bestSimilarity=0.8585"
time=2026-08-26T23:59:30.631+08:00 level=INFO msg="findOrCreateTag: label=\"纽约金和现货白银日内价格下跌\" category=event matchType=no_match"
time=2026-08-26T23:59:30.632+08:00 level=INFO msg="findOrCreateTag: label=\"纽约金和现货白银日内价格下跌\" category=event fallback=create_new"
time=2026-08-26T23:59:32.126+08:00 level=INFO msg="Generated description + 4 keywords for event tag 130329 (纽约金和现货白银日内价格下跌): [纽约金 现货白银 价格下跌 美元]"
time=2026-08-26T23:59:32.367+08:00 level=WARN msg="[SLOW SQL] 1868.933ms > 200ms | rows=20 | \n\t\tSELECT t.id AS tag_id, e.embedding <=> '[0.000007,0.034165,-0.020861,-0.037568,-0.001062,0.041472,0.053930,-0.015668,0.052724,0.007707,-0.003156,0.026140,0.013609,-0.031231,0.049286,-0.027952,-0.010357,-0.075055,0.013626,-0.001443,-0.021873,0.026706,-0.009297,0.017207,-0.065969,-0.032619,-0.030062,0.089884,0.000774,0.014931,0.031633,-0.059055,0.025146,0.018040,0.004602,-0.018020,-0.004506,-0.003971,0.011980,-0.029434,0.023229,-0.053683,0.023798,0.018077,-0.019344,-0.000253,0.003676,0.019724,-0.002176,-0.030472,0.002814,0.008648,0.002461,-0.015017,0.021176,-0.000743,0.063195,-0.009709,-0.011304,0.070424,-0.003221,0.023465,-0.039756,-0.034359,-0.003616,-0.010273,-0.024005,-0.008961,0.025550,0.006478,0.003783,-0.007947,-0.008814,0.008512,0.015628,-0.030040,-0.011351,0.017584,0.012188,-0.001792,-0.013875,-0.005623,0.016918,0.040437,0.016442,-0.009608,0.012643,0.000028,-0.030430,0.004746,-0.004806,-0.010881,0.009078,0.023074,-0.001615,-0.008368,-0.006990,-0.002136,0.031250,0.011526,-0.004323,-0.002113,0.055319,-0.002056,0.010945,-0.033452,0.033740,-0.001603,-0.030644,-0.024476,-0.009171,0.001155,-0.008973,0.003586,-0.009482,-0.022626,0.019078,0.016103,-0.004973,0.036852,0.004955,0.004886,0.008523,0.048400,0.031424,-0.004080,-0.024037,-0.004453,0.023577,-0.008045,0.016660,-0.010960,-0.005740,-0.006467,-0.000343,0.010965,-0.000793,0.020138,-0.004999,0.019316,0.000356,0.021224,0.008498,0.009394,-0.013579,-0.057519,-0.007719,0.030107,0.008804,-0.005057,0.036765,0.022103,0.001674,0.025835,0.016327,0.024551,-0.025646,0.021284,0.008530,0.018041,-0.020258,0.009304,-0.077828,0.033717,0.022393,0.035684,-0.006831,0.007886,0.004977,0.008383,0.028296,-0.030883,-0.004387,-0.003975,-0.029685,0.001338,-0.012206,-0.001443,0.004701,0.033880,0.005643,0.045137,0.005818,-0.019268,-0.000245,-0.007041,-0.011045,0.013894,0.030965,-0.021483,-0.018977,0.040481,0.001810,-0.012622,-0.002853,-0.017304,-0.009059,-0.011359,-0.012791,0.016080,-0.003975,0.012996,-0.001543,0.001411,0.025634,-0.022043,... [truncated]"
time=2026-08-26T23:59:32.369+08:00 level=INFO msg="TagMatch: label=\"菜粕\" category=keyword similarity search returned totalCandidates=20 bestSimilarity=0.7383"
time=2026-08-26T23:59:32.371+08:00 level=INFO msg="TagMatch: label=\"菜粕\" category=keyword result=no_match reason=below_low_similarity bestSimilarity=0.7383"
time=2026-08-26T23:59:32.372+08:00 level=INFO msg="findOrCreateTag: label=\"菜粕\" category=keyword matchType=no_match"
time=2026-08-26T23:59:32.373+08:00 level=INFO msg="findOrCreateTag: label=\"菜粕\" category=keyword fallback=create_new"
time=2026-08-26T23:59:37.969+08:00 level=WARN msg="[SLOW SQL] 7084.899ms > 200ms | rows=13105 | SELECT id, merge_embedding FROM \"semantic_labels\" WHERE label_type = 'auxiliary' AND status = 'active' AND merge_embedding IS NOT NULL"
time=2026-08-26T23:59:39.137+08:00 level=WARN msg="auxiliary label dedup gate slow: label=\"跌幅达1.0%\" took=8.4835933s (>50ms), review L1/L2 (embedder/merge) performance"
time=2026-08-26T23:59:39.273+08:00 level=WARN msg="auxiliary label dedup gate slow: label=\"菜粕\" took=176.6299ms (>50ms), review L1/L2 (embedder/merge) performance"
time=2026-08-26T23:59:39.840+08:00 level=INFO msg="findOrCreateTag: start label=\"菜粕LPG夜盘收涨\" slug=\"菜粕lpg夜盘收涨\" category=event source=llm"
time=2026-08-26T23:59:39.841+08:00 level=INFO msg="TagMatch: start label=\"菜粕LPG夜盘收涨\" slug=\"菜粕lpg夜盘收涨\" category=event threshold=0.92"
time=2026-08-26T23:59:42.292+08:00 level=WARN msg="[SLOW SQL] 1878.728ms > 200ms | rows=20 | \n\t\tSELECT t.id AS tag_id, e.embedding <=> '[-0.000214,-0.004440,-0.001111,-0.026162,-0.001836,0.058731,0.039048,0.046984,0.050346,0.015972,-0.002483,0.004862,0.013043,-0.029423,0.088794,-0.014861,-0.008333,-0.047667,0.013524,0.001179,-0.020392,0.022640,0.016835,-0.036556,-0.096740,-0.016178,-0.029153,0.055944,-0.019563,0.040352,-0.008172,-0.028083,0.002228,0.027477,0.004024,-0.020343,0.018019,-0.000615,0.006526,0.032713,0.026419,-0.044961,0.023172,0.007029,0.011211,0.005224,0.005918,-0.004349,-0.005897,-0.037556,0.008229,-0.001705,0.015637,-0.010190,-0.020068,-0.018821,0.106781,0.001821,0.002068,0.028516,-0.017257,0.007255,-0.008812,-0.012341,-0.003466,-0.012438,-0.015344,0.002166,0.013428,0.006266,0.019837,-0.048387,-0.035180,-0.006605,0.054215,-0.026174,-0.013204,0.026025,0.029440,-0.017403,-0.038177,0.001294,0.033474,-0.012205,0.022266,-0.005220,0.008213,-0.000969,-0.006043,0.016295,-0.008187,0.006341,0.021449,0.018282,0.005869,-0.007849,0.014511,-0.001492,0.007838,0.006128,-0.005965,-0.005491,0.005023,-0.025107,0.013987,-0.023034,0.005242,0.017390,-0.004071,-0.001191,-0.008033,-0.005285,0.011863,-0.004479,-0.009906,-0.001230,0.044498,-0.006993,-0.009172,-0.027226,0.012219,0.020892,-0.001887,0.032109,0.020825,-0.009798,-0.023955,0.001668,0.041506,0.005254,0.055906,-0.007448,0.010967,-0.003453,-0.027396,-0.000397,-0.015222,0.000224,0.002284,0.015736,0.004095,0.024421,-0.000664,0.022268,-0.012415,-0.020468,0.007008,0.036498,0.010775,-0.002414,0.037152,0.013598,-0.008995,0.025713,0.001141,0.009274,-0.028980,0.004633,-0.009969,0.006074,-0.010864,0.010216,-0.046865,0.045215,0.023173,0.023340,0.020968,0.010009,-0.006163,-0.014351,0.006161,-0.024973,0.007698,-0.003056,-0.015372,-0.004552,-0.020814,-0.015156,0.001828,0.005435,0.002207,0.009159,0.014953,0.004456,0.015034,0.001651,-0.003404,0.019830,0.031339,-0.011466,-0.062950,0.058577,0.006673,-0.009058,0.016376,-0.022999,0.005045,-0.010186,-0.017430,0.016989,-0.003673,-0.003022,-0.014614,0.014627,0.015076,-0.016301,0.00... [truncated]"
time=2026-08-26T23:59:42.294+08:00 level=INFO msg="TagMatch: label=\"菜粕LPG夜盘收涨\" category=event similarity search returned totalCandidates=20 bestSimilarity=0.8402"
time=2026-08-26T23:59:42.294+08:00 level=INFO msg="TagMatch: label=\"菜粕LPG夜盘收涨\" category=event result=no_match reason=below_low_similarity bestSimilarity=0.8402"
time=2026-08-26T23:59:42.294+08:00 level=INFO msg="findOrCreateTag: label=\"菜粕LPG夜盘收涨\" category=event matchType=no_match"
time=2026-08-26T23:59:42.295+08:00 level=INFO msg="findOrCreateTag: label=\"菜粕LPG夜盘收涨\" category=event fallback=create_new"
time=2026-08-26T23:59:43.518+08:00 level=INFO msg="Generated description + 4 keywords for event tag 130331 (菜粕LPG夜盘收涨): [菜粕 LPG 夜盘 收涨]"
time=2026-08-26T23:59:45.839+08:00 level=INFO msg="Auto Refresh: triggered 0 feeds (scanned=23, due=0, stale_reset=0)"
time=2026-08-26T23:59:45.939+08:00 level=INFO msg="Content Completion: no pending content to complete"
time=2026-08-26T23:59:47.407+08:00 level=WARN msg="[SLOW SQL] 7404.604ms > 200ms | rows=13107 | SELECT id, merge_embedding FROM \"semantic_labels\" WHERE label_type = 'auxiliary' AND status = 'active' AND merge_embedding IS NOT NULL"
time=2026-08-26T23:59:48.579+08:00 level=WARN msg="auxiliary label dedup gate slow: label=\"跌幅达1.5%\" took=8.8916927s (>50ms), review L1/L2 (embedder/merge) performance"
time=2026-08-26T23:59:48.725+08:00 level=INFO msg="Successfully tagged article 118882"
time=2026-08-26T23:59:48.750+08:00 level=INFO msg="Successfully tagged article 118883"
time=2026-08-26T23:59:52.638+08:00 level=INFO msg="findOrCreateTag: start label=\"吉隆县\" slug=\"吉隆县\" category=keyword source=llm"
time=2026-08-26T23:59:52.638+08:00 level=INFO msg="TagMatch: start label=\"吉隆县\" slug=\"吉隆县\" category=keyword threshold=0.92"
time=2026-08-26T23:59:52.639+08:00 level=INFO msg="TagMatch: label=\"吉隆县\" category=keyword result=exact reason=slug existingID=129232 existingLabel=\"吉隆县\""
time=2026-08-26T23:59:52.640+08:00 level=INFO msg="findOrCreateTag: label=\"吉隆县\" category=keyword matchType=exact existingID=129232 existingLabel=\"吉隆县\""
time=2026-08-26T23:59:52.651+08:00 level=INFO msg="findOrCreateTag: start label=\"国家能源局\" slug=\"国家能源局\" category=keyword source=llm"
time=2026-08-26T23:59:52.651+08:00 level=INFO msg="TagMatch: start label=\"国家能源局\" slug=\"国家能源局\" category=keyword threshold=0.92"
time=2026-08-26T23:59:54.364+08:00 level=WARN msg="[SLOW SQL] 1497.774ms > 200ms | rows=20 | \n\t\tSELECT t.id AS tag_id, e.embedding <=> '[-0.000156,0.052560,-0.033385,-0.004174,-0.001558,0.051851,0.047619,-0.028642,0.051647,0.009997,0.002675,-0.015665,0.016547,0.007067,0.024650,-0.044688,0.030422,-0.046502,0.009992,-0.002265,-0.011209,0.030896,0.013987,0.039225,-0.078467,-0.047746,-0.023561,-0.016297,-0.033407,0.018138,0.003453,-0.035045,0.014630,-0.003747,0.003932,-0.016935,-0.000391,0.002402,-0.021499,0.060127,0.024132,-0.024397,0.027201,0.014309,0.008582,0.009842,0.009069,0.009789,0.013196,-0.027875,0.013506,-0.005925,0.016559,-0.019504,0.014013,-0.018502,0.083236,-0.004847,0.016977,0.052563,-0.011525,0.004668,-0.018646,-0.026642,-0.003612,-0.017125,-0.009897,-0.017992,0.015226,-0.002850,-0.017037,0.004399,-0.001664,0.011605,-0.018008,-0.025168,-0.011460,0.014364,-0.015026,-0.004826,-0.019465,0.014550,0.018165,0.026985,0.036809,0.031558,-0.008743,-0.013036,-0.000815,-0.000230,0.002755,0.009532,0.007247,-0.019104,0.004288,-0.031326,-0.002244,-0.005093,0.018061,-0.001803,-0.011808,-0.035940,0.010807,-0.005855,0.013730,-0.016808,-0.022157,0.014249,-0.001771,-0.005219,-0.008197,0.021765,-0.042566,0.000346,-0.027353,-0.030703,0.001055,0.032770,0.011675,0.028448,0.000479,0.019873,-0.005155,-0.010075,0.008822,-0.042296,-0.030462,-0.001653,0.046144,0.044073,0.058225,0.007572,-0.014097,-0.024737,-0.006569,0.012381,0.000336,0.007139,0.000285,0.006216,-0.002062,0.028973,0.011151,0.024960,-0.009806,-0.024756,-0.004232,-0.007955,0.004409,0.000539,0.020776,0.022301,0.016250,0.033259,-0.005211,0.007881,-0.012625,-0.000932,0.034328,0.026044,-0.007485,0.010423,-0.052398,0.031505,0.008956,0.010424,0.009316,0.002237,-0.000863,-0.013208,0.012899,-0.016702,-0.006590,-0.020263,-0.023294,-0.003133,-0.009741,-0.023196,0.002521,0.029648,0.016764,-0.004338,0.012936,0.013352,0.018951,0.013371,0.006844,-0.004515,0.019424,-0.005698,-0.037159,0.017037,0.015330,-0.011271,-0.021178,-0.028577,0.004028,-0.050539,-0.008406,0.024224,0.006578,0.016078,0.009790,-0.004166,0.013994,0.010328,-0.... [truncated]"
time=2026-08-26T23:59:54.366+08:00 level=INFO msg="TagMatch: label=\"国家能源局\" category=keyword similarity search returned totalCandidates=20 bestSimilarity=0.7218"
time=2026-08-26T23:59:54.366+08:00 level=INFO msg="TagMatch: label=\"国家能源局\" category=keyword result=no_match reason=below_low_similarity bestSimilarity=0.7218"
time=2026-08-26T23:59:54.366+08:00 level=INFO msg="findOrCreateTag: label=\"国家能源局\" category=keyword matchType=no_match"
time=2026-08-26T23:59:54.367+08:00 level=INFO msg="findOrCreateTag: label=\"国家能源局\" category=keyword fallback=create_new"
time=2026-08-26T23:59:54.743+08:00 level=WARN msg="auxiliary label dedup gate slow: label=\"国家能源局\" took=366.2176ms (>50ms), review L1/L2 (embedder/merge) performance"
time=2026-08-26T23:59:55.289+08:00 level=INFO msg="findOrCreateTag: start label=\"国家能源局指导西藏吉隆县泥石流灾后复电\" slug=\"国家能源局指导西藏吉隆县泥石流灾后复电\" category=event source=llm"
time=2026-08-26T23:59:55.289+08:00 level=INFO msg="TagMatch: start label=\"国家能源局指导西藏吉隆县泥石流灾后复电\" slug=\"国家能源局指导西藏吉隆县泥石流灾后复电\" category=event threshold=0.92"
time=2026-08-26T23:59:55.509+08:00 level=INFO msg="findOrCreateTag: start label=\"原油库存\" slug=\"原油库存\" category=keyword source=llm"
time=2026-08-26T23:59:55.510+08:00 level=INFO msg="TagMatch: start label=\"原油库存\" slug=\"原油库存\" category=keyword threshold=0.92"
time=2026-08-26T23:59:55.514+08:00 level=INFO msg="TagMatch: label=\"原油库存\" category=keyword result=exact reason=slug existingID=130174 existingLabel=\"原油库存\""
time=2026-08-26T23:59:55.514+08:00 level=INFO msg="findOrCreateTag: label=\"原油库存\" category=keyword matchType=exact existingID=130174 existingLabel=\"原油库存\""
time=2026-08-26T23:59:55.776+08:00 level=WARN msg="[SLOW SQL] 252.746ms > 200ms | rows=14511 | SELECT id, label, slug, label_type, aliases, ref_count, description, status, protected, source, display_order, created_at, updated_at FROM \"semantic_labels\" WHERE label_type = 'auxiliary' AND status = 'active'"
time=2026-08-26T23:59:55.784+08:00 level=INFO msg="findOrCreateTag: start label=\"炼油厂利用率\" slug=\"炼油厂利用率\" category=keyword source=llm"
time=2026-08-26T23:59:55.785+08:00 level=INFO msg="TagMatch: start label=\"炼油厂利用率\" slug=\"炼油厂利用率\" category=keyword threshold=0.92"
time=2026-08-26T23:59:57.219+08:00 level=WARN msg="[SLOW SQL] 1409.499ms > 200ms | rows=20 | \n\t\tSELECT t.id AS tag_id, e.embedding <=> '[-0.000182,-0.023536,-0.052203,-0.014176,-0.001577,0.040903,0.036841,0.055078,0.057477,-0.014401,-0.007378,-0.024419,0.018161,0.024288,0.064692,0.003516,0.003697,-0.006065,-0.016563,0.000212,-0.013313,0.054509,0.038296,0.022083,-0.085248,-0.023545,-0.027807,-0.014936,0.012933,0.027692,-0.053524,-0.014481,-0.002913,0.032752,-0.000502,-0.020268,0.010718,0.000733,-0.007079,0.067539,0.021114,-0.011647,0.024502,0.009873,0.008943,-0.005435,0.001171,-0.028755,0.002086,-0.027279,0.010738,-0.000747,0.016742,-0.018398,0.008567,-0.032560,0.077864,0.000423,0.014294,0.039142,-0.008104,-0.011313,-0.017154,-0.010194,0.003119,-0.014999,-0.037294,0.012326,0.010086,-0.021507,0.029663,-0.005282,-0.026356,0.029636,-0.003121,-0.017138,-0.005112,0.018640,0.009711,-0.009581,-0.036180,0.013176,0.021834,-0.023568,0.046495,0.033720,0.014599,-0.000305,-0.038616,-0.015980,0.000075,-0.047823,0.019680,-0.007476,0.002757,-0.009658,0.017474,0.004304,0.019276,0.005624,-0.008661,-0.027675,0.013539,-0.032285,0.021348,-0.024373,-0.001623,0.007943,0.001045,0.003835,-0.004154,0.013467,-0.008833,0.005872,-0.012784,-0.015997,-0.004229,-0.008044,0.009889,0.017737,0.010995,0.020262,-0.008772,0.011063,0.010935,-0.039941,-0.011375,-0.000180,0.096600,0.016172,0.045419,0.004639,-0.045852,-0.009961,-0.012548,0.014240,-0.012015,-0.009414,-0.005081,-0.011756,-0.007799,0.034290,0.004514,0.022956,-0.028810,-0.028926,0.008958,0.002128,0.010802,-0.014624,0.003469,0.015242,0.006332,0.020967,-0.009450,0.009921,-0.015359,-0.004426,-0.003950,0.014931,-0.019848,0.015134,-0.007805,0.050316,0.026466,0.008665,0.017569,0.006277,-0.002765,-0.042219,0.009253,-0.022777,0.005449,-0.018303,-0.003650,-0.010164,-0.003932,-0.002356,-0.011196,-0.005038,0.009318,-0.030081,-0.021360,-0.006335,0.021494,0.017649,0.031472,0.013028,0.035169,-0.018827,-0.053924,0.005704,-0.004172,-0.017073,-0.027651,-0.023869,-0.000931,-0.023781,-0.022340,0.032434,-0.022549,0.012799,0.008202,-0.002513,-0.009621,-0.00... [truncated]"
time=2026-08-26T23:59:57.220+08:00 level=INFO msg="TagMatch: label=\"国家能源局指导西藏吉隆县泥石流灾后复电\" category=event similarity search returned totalCandidates=20 bestSimilarity=0.8498"
time=2026-08-26T23:59:57.222+08:00 level=INFO msg="TagMatch: label=\"国家能源局指导西藏吉隆县泥石流灾后复电\" category=event result=no_match reason=below_low_similarity bestSimilarity=0.8498"
time=2026-08-26T23:59:57.222+08:00 level=INFO msg="findOrCreateTag: label=\"国家能源局指导西藏吉隆县泥石流灾后复电\" category=event matchType=no_match"
time=2026-08-26T23:59:57.223+08:00 level=INFO msg="findOrCreateTag: label=\"国家能源局指导西藏吉隆县泥石流灾后复电\" category=event fallback=create_new"
time=2026-08-26T23:59:57.831+08:00 level=WARN msg="[SLOW SQL] 1863.530ms > 200ms | rows=20 | \n\t\tSELECT t.id AS tag_id, e.embedding <=> '[-0.000377,0.020909,-0.005807,-0.013752,-0.002718,0.062058,0.033798,0.020837,0.054397,-0.006051,-0.015317,0.006834,0.016644,-0.025819,0.069131,-0.003772,-0.031138,-0.032595,0.013948,0.000195,-0.020942,0.041726,0.015615,0.025537,-0.085442,-0.032394,-0.029984,0.011767,-0.019871,-0.038548,0.026046,-0.018469,0.037353,-0.006197,0.004223,-0.025482,-0.003415,-0.000340,-0.039804,0.009594,0.024070,-0.064607,0.024009,0.022623,0.016969,0.005099,0.008768,0.003830,-0.009184,-0.042050,0.009815,-0.004084,0.046437,-0.011617,0.016365,0.007461,0.104659,-0.005172,-0.001517,0.030731,-0.007239,-0.012198,-0.012476,-0.017640,0.001486,-0.006559,-0.015156,-0.019854,0.024690,-0.000881,0.022408,-0.039813,-0.010789,0.034772,0.013220,-0.038534,-0.016009,0.029157,-0.017374,-0.015595,-0.027311,-0.011873,0.019998,0.014935,0.030125,0.010357,0.002388,-0.004977,-0.027158,0.021774,-0.009736,0.001309,0.018669,-0.019711,-0.001301,-0.016875,0.001233,-0.009371,0.003909,0.003458,-0.008509,-0.028362,0.007277,-0.013629,0.016672,-0.026635,-0.005991,-0.000270,0.008057,-0.009133,-0.018857,0.004543,0.020616,0.032680,-0.015668,-0.037148,0.001464,-0.018922,0.003945,0.060117,0.002575,0.025468,-0.007807,0.010328,0.024953,-0.007056,-0.004162,0.003315,0.033314,0.028435,0.056536,-0.002868,-0.021169,-0.027304,-0.033006,0.009527,0.000953,0.018428,0.009731,0.003638,-0.014883,0.028483,0.009313,0.006580,0.009139,-0.033616,0.020912,0.009871,0.008250,0.010337,0.002929,0.007278,0.021471,0.023471,0.006998,-0.007570,-0.031583,0.008229,0.006165,0.019046,-0.012149,0.007444,-0.040318,0.002667,0.023074,0.017437,0.035320,0.001242,0.000839,-0.013425,-0.013831,-0.015317,-0.003056,-0.006586,-0.030366,0.015402,-0.005582,-0.016275,0.005391,0.006622,-0.000541,0.010415,0.022944,-0.012343,0.017112,-0.004778,-0.007106,0.023974,0.017422,-0.009713,-0.069969,0.048935,-0.012702,-0.003482,-0.011267,-0.019254,-0.005126,-0.011280,0.018071,0.023970,-0.018182,0.009666,0.008614,-0.008956,0.015202,-0.010216,0.0... [truncated]"
time=2026-08-26T23:59:57.833+08:00 level=INFO msg="TagMatch: label=\"炼油厂利用率\" category=keyword similarity search returned totalCandidates=20 bestSimilarity=0.8321"
time=2026-08-26T23:59:57.835+08:00 level=INFO msg="TagMatch: label=\"炼油厂利用率\" category=keyword result=no_match reason=below_low_similarity bestSimilarity=0.8321"
time=2026-08-26T23:59:57.835+08:00 level=INFO msg="findOrCreateTag: label=\"炼油厂利用率\" category=keyword matchType=no_match"
time=2026-08-26T23:59:57.836+08:00 level=INFO msg="findOrCreateTag: label=\"炼油厂利用率\" category=keyword fallback=create_new"
time=2026-08-26T23:59:58.578+08:00 level=INFO msg="Generated description + 5 keywords for event tag 130333 (国家能源局指导西藏吉隆县泥石流灾后复电): [国家能源局 西藏吉隆县 泥石流 抢修复电 供电保障]"
time=2026-08-27T00:00:04.602+08:00 level=WARN msg="[SLOW SQL] 7100.085ms > 200ms | rows=13107 | SELECT id, merge_embedding FROM \"semantic_labels\" WHERE label_type = 'auxiliary' AND status = 'active' AND merge_embedding IS NOT NULL"
time=2026-08-27T00:00:05.731+08:00 level=WARN msg="auxiliary label dedup gate slow: label=\"抢修复电和供电保障工作\" took=8.483232s (>50ms), review L1/L2 (embedder/merge) performance"
time=2026-08-27T00:00:05.883+08:00 level=WARN msg="auxiliary label dedup gate slow: label=\"炼油厂利用率\" took=179.3053ms (>50ms), review L1/L2 (embedder/merge) performance"
time=2026-08-27T00:00:06.279+08:00 level=INFO msg="findOrCreateTag: start label=\"日喀则市\" slug=\"日喀则市\" category=keyword source=llm"
time=2026-08-27T00:00:06.279+08:00 level=INFO msg="TagMatch: start label=\"日喀则市\" slug=\"日喀则市\" category=keyword threshold=0.92"
time=2026-08-27T00:00:06.280+08:00 level=INFO msg="TagMatch: label=\"日喀则市\" category=keyword result=exact reason=slug existingID=129255 existingLabel=\"日喀则市\""
time=2026-08-27T00:00:06.283+08:00 level=INFO msg="findOrCreateTag: label=\"日喀则市\" category=keyword matchType=exact existingID=129255 existingLabel=\"日喀则市\""
time=2026-08-27T00:00:06.480+08:00 level=INFO msg="Successfully tagged article 118884"
time=2026-08-27T00:00:06.755+08:00 level=INFO msg="findOrCreateTag: start label=\"美国上周原油库存增加\" slug=\"美国上周原油库存增加\" category=event source=llm"
time=2026-08-27T00:00:06.756+08:00 level=INFO msg="TagMatch: start label=\"美国上周原油库存增加\" slug=\"美国上周原油库存增加\" category=event threshold=0.92"
time=2026-08-27T00:00:08.936+08:00 level=WARN msg="[SLOW SQL] 1789.975ms > 200ms | rows=20 | \n\t\tSELECT t.id AS tag_id, e.embedding <=> '[-0.000266,-0.008007,0.026024,0.001843,-0.002563,0.040239,0.014386,0.045686,0.050828,0.031198,-0.018505,0.043951,0.015832,-0.034363,0.085092,-0.026928,-0.009494,0.003226,0.007319,-0.000278,-0.013930,0.047429,0.083184,-0.037752,-0.058761,-0.035754,-0.034113,-0.034222,-0.017490,0.010172,-0.021213,-0.014879,0.044867,-0.000883,0.004125,-0.020030,0.031376,0.000598,-0.024951,0.056944,0.026126,-0.040615,0.021158,-0.002368,-0.015089,0.001237,0.014211,-0.010298,0.021872,-0.032958,0.017651,-0.006076,0.028511,-0.004482,-0.025230,-0.021946,0.094151,-0.003275,-0.007962,-0.000915,-0.013517,-0.006653,0.002790,0.000384,-0.003548,-0.020091,-0.016553,-0.019606,0.011424,0.006767,0.023246,-0.054356,-0.010722,0.006437,0.030264,-0.031830,-0.012656,0.016436,-0.004959,0.006676,-0.015619,0.009065,0.025131,0.040836,0.036174,0.010511,-0.020292,-0.007213,-0.016094,0.012285,-0.007295,0.032416,0.006764,0.026398,0.005429,-0.017263,-0.005205,-0.003932,-0.014125,0.002569,-0.004832,-0.023607,-0.003181,-0.011586,-0.014868,-0.021216,-0.023922,-0.009584,0.005928,0.005629,-0.017560,-0.014680,0.033904,0.015885,-0.021995,-0.024157,0.001821,-0.031877,-0.010213,0.023003,0.004031,0.025826,0.004022,-0.009378,-0.006662,-0.008750,-0.001695,-0.012296,0.022555,0.004842,0.043537,0.000013,-0.013142,-0.024362,-0.041246,0.000899,0.005494,0.013294,-0.005033,-0.000705,-0.002495,0.033076,0.012942,0.003129,-0.003960,0.008655,-0.001420,0.016567,0.015305,0.007144,0.017137,0.009009,0.015219,0.016268,-0.005055,0.013866,-0.017431,0.015907,0.001806,0.011685,-0.018238,-0.002655,-0.052749,0.039572,0.022984,0.008897,0.041573,0.006320,0.013885,-0.013286,-0.022399,-0.022386,-0.007978,0.006422,-0.021587,-0.004211,-0.010029,-0.031042,0.002276,0.030698,-0.005465,-0.016021,0.026219,0.002956,0.023129,-0.011810,-0.002432,0.008911,0.016377,-0.011469,-0.057841,0.055579,-0.009552,0.012590,-0.020531,-0.022182,-0.001477,0.002889,-0.034652,0.019356,-0.020695,0.010360,0.005716,0.001713,-0.021577,-0.003... [truncated]"
time=2026-08-27T00:00:08.938+08:00 level=INFO msg="TagMatch: label=\"美国上周原油库存增加\" category=event similarity search returned totalCandidates=20 bestSimilarity=0.8974"
time=2026-08-27T00:00:08.938+08:00 level=INFO msg="TagMatch: label=\"美国上周原油库存增加\" category=event result=no_match reason=below_low_similarity bestSimilarity=0.8974"
time=2026-08-27T00:00:08.938+08:00 level=INFO msg="findOrCreateTag: label=\"美国上周原油库存增加\" category=event matchType=no_match"
time=2026-08-27T00:00:08.938+08:00 level=INFO msg="findOrCreateTag: label=\"美国上周原油库存增加\" category=event fallback=create_new"
time=2026-08-27T00:00:10.294+08:00 level=INFO msg="Generated description + 5 keywords for event tag 130335 (美国上周原油库存增加): [美国 EIA 原油库存 增加 汽油库存]"
time=2026-08-27T00:00:15.918+08:00 level=WARN msg="[SLOW SQL] 6539.875ms > 200ms | rows=13109 | SELECT id, merge_embedding FROM \"semantic_labels\" WHERE label_type = 'auxiliary' AND status = 'active' AND merge_embedding IS NOT NULL"
time=2026-08-27T00:00:17.091+08:00 level=WARN msg="auxiliary label dedup gate slow: label=\"原油库存增加\" took=7.9805789s (>50ms), review L1/L2 (embedder/merge) performance"
time=2026-08-27T00:00:24.069+08:00 level=WARN msg="[SLOW SQL] 6405.338ms > 200ms | rows=13110 | SELECT id, merge_embedding FROM \"semantic_labels\" WHERE label_type = 'auxiliary' AND status = 'active' AND merge_embedding IS NOT NULL"
time=2026-08-27T00:00:25.201+08:00 level=WARN msg="auxiliary label dedup gate slow: label=\"汽油库存创历史新低\" took=7.6887843s (>50ms), review L1/L2 (embedder/merge) performance"
time=2026-08-27T00:00:32.423+08:00 level=WARN msg="[SLOW SQL] 6578.863ms > 200ms | rows=13111 | SELECT id, merge_embedding FROM \"semantic_labels\" WHERE label_type = 'auxiliary' AND status = 'active' AND merge_embedding IS NOT NULL"
time=2026-08-27T00:00:33.568+08:00 level=WARN msg="auxiliary label dedup gate slow: label=\"炼油厂处理量创历史新高\" took=7.9121334s (>50ms), review L1/L2 (embedder/merge) performance"
time=2026-08-27T00:00:33.594+08:00 level=INFO msg="findOrCreateTag: start label=\"美国能源信息署\" slug=\"美国能源信息署\" category=keyword source=llm"
time=2026-08-27T00:00:33.594+08:00 level=INFO msg="TagMatch: start label=\"美国能源信息署\" slug=\"美国能源信息署\" category=keyword threshold=0.92"
time=2026-08-27T00:00:33.595+08:00 level=INFO msg="TagMatch: label=\"美国能源信息署\" category=keyword result=exact reason=slug existingID=123451 existingLabel=\"美国能源信息署\""
time=2026-08-27T00:00:33.595+08:00 level=INFO msg="findOrCreateTag: label=\"美国能源信息署\" category=keyword matchType=exact existingID=123451 existingLabel=\"美国能源信息署\""
time=2026-08-27T00:00:33.715+08:00 level=INFO msg="Successfully tagged article 118885"
time=2026-08-27T00:00:45.847+08:00 level=INFO msg="Auto Refresh: triggered 0 feeds (scanned=23, due=0, stale_reset=0)"
time=2026-08-27T00:00:45.877+08:00 level=INFO msg="Firecrawl Crawler: no jobs to process"
time=2026-08-27T00:00:45.918+08:00 level=INFO msg="Content Completion: no pending content to complete"
time=2026-08-27T00:01:45.839+08:00 level=INFO msg="Auto Refresh: triggered 0 feeds (scanned=23, due=0, stale_reset=0)"
time=2026-08-27T00:01:45.893+08:00 level=INFO msg="Content Completion: no pending content to complete"
time=2026-08-27T00:02:45.839+08:00 level=INFO msg="Auto Refresh: triggered 0 feeds (scanned=23, due=0, stale_reset=0)"
time=2026-08-27T00:02:45.885+08:00 level=INFO msg="Content Completion: no pending content to complete"
time=2026-08-27T00:03:45.839+08:00 level=INFO msg="Auto Refresh: triggered 0 feeds (scanned=23, due=0, stale_reset=0)"
time=2026-08-27T00:03:45.887+08:00 level=INFO msg="Content Completion: no pending content to complete"
time=2026-08-27T00:04:45.838+08:00 level=INFO msg="Auto Refresh: triggered 0 feeds (scanned=23, due=0, stale_reset=0)"
time=2026-08-27T00:04:45.885+08:00 level=INFO msg="Content Completion: no pending content to complete"
